,0
골목,4440
상권,4122
사업,3144
상공인,3044
지원,2926
지역,2523
위하,2337
카카오,2329
시장,2307
플랫폼,1816
코로나,1713
경제,1448
기업,1244
대하,1150
통하,1119
서비스,1094
상생,1035
서울,1002
활성화,998
뉴스,946
정부,940
기자,934
말하,928
온라인,879
밝히,874
배달,870
운영,853
정책,839
소비,839
추진,837
매출,797
지나,796
자영업자,772
제공,758
따르,754
대상,735
카드,734
상인,721
올해,719
계획,687
상품권,665
마트,638
확대,637
업체,634
대표,626
거리,602
내년,592
강화,590
전통,589
만원,579
결제,566
만들,563
국민,563
논란,562
규제,553
수수료,553
조성,547
도시,546
성장,537
가게,534
지급,529
식당,523
네이버,512
한국,508
후보,506
마련,501
사회적,499
선정,498
사랑,497
중소,495
상황,488
침해,488
의장,488
보상,486
최근,481
규모,481
대리,481
센터,480
발행,475
업계,473
회복,469
관련,459
방역,458
참여,457
지난해,456
판매,454
예정,451
다양,451
화폐,448
방안,448
위원회,447
금지,444
사진,444
문제,443
지원금,435
업종,433
기존,430
필요,429
시민,427
개선,425
발표,422
택시,421
방식,418
도입,417
산업,416
주민,414
스마트,414
대기업,411
진출,409
사용,408
점포,397
중개,395
운전,393
전국,392
유통,391
금융,391
디지털,391
가능,391
빌리티,391
중심,389
나오,378
손실,378
철수,376
소비자,368
방문,367
환경,366
구축,365
혁신,364
확장,361
위기,359
사회,358
조원,356
기술,355
국회,354
이용,352
경기도,352
예산,350
대형,347
의원,345
지정,343
진행,339
경우,334
문화,334
단체,331
살리,330
부산,329
창업,329
교육,329
나서,327
가맹점,327
정보,327
조사,326
백종,325
개발,322
경기,321
재난,321
동네,320
관계자,319
청년,318
지적,317
피해,316
할인,315
시작,315
민주당,313
공인,309
대구,309
사장님,306
공정,299
임대료,299
평가,296
대출,295
감소,295
부담,294
보이,294
시스,294
재생,294
추가,292
제한,289
영업,288
어려움,288
신청,287
경영,286
벤처,285
대책,285
범수,282
시행,281
활용,279
매장,279
제도,277
상점가,277
회장,277
기준,276
활동,275
서울시,275
전환,273
분야,272
연합,272
이날,272
더불,271
내용,271
노력,270
거래,270
고객,266
중소기업,265
기반,265
방송,265
현장,264
이재명,263
보호,263
투자,262
광주,261
최대,260
발전,259
감사,258
연합회,258
구매,256
효과,254
혜택,253
현재,251
변화,250
기관,249
특화,249
시설,248
확산,248
상품,247
기사,245
회사,245
집중,244
신용,244
도움,244
설명,243
홍보,241
대비,241
행정,239
국내,239
육성,238
마을,237
협력,235
이르,235
안전,234
결과,234
공공,234
포함,234
분석,233
대면,231
새롭,230
증가,230
가지,229
프로그램,229
공동체,228
비판,228
일부,227
업자,227
전망,227
공간,226
부동산,226
높이,225
행복,225
단계,224
대응,222
사업자,221
전화,220
인하,220
회의,219
상가,218
중개사,217
어렵,217
협회,216
공약,216
전하,215
구독,214
기금,213
대선,209
데이터,209
자영업,209
성과,208
침체,205
나가,205
공모,205
조치,205
계열사,204
우수,204
오후,203
배포,203
상반기,203
구성,202
무단,201
주요,201
글로벌,201
중기,200
공동,199
논의,198
확보,197
검토,196
열리,196
호출,196
관광,195
프로젝트,194
입장,194
경쟁,192
이루,191
영세,190
전재,190
모바일,190
투입,188
적용,188
유지,187
카페,186
종합,186
폐업,185
생활,185
국정,185
전체,185
가치,184
지방,183
지속,183
바꾸,183
방침,183
협약,183
장기화,183
복지,183
콘텐츠,182
다하,182
전문,182
기대,181
우려,181
관리,180
해당,179
실시,179
기간,179
신규,179
금액,177
연계,176
브랜드,176
이어지,176
빠르,176
설치,176
특별,175
가운데,175
해결,175
확인,175
주문,174
활력,174
손님,174
강조하,173
극복,173
준비,173
자영,173
큐브,173
자리,173
역할,173
미래,172
역량,172
지자체,172
완화,171
의견,171
사례,171
동백,171
직접,170
소득,170
그러,170
모습,170
인수,170
시대,169
국가,169
일자리,169
민생,168
마케팅,167
국감,166
커지,166
적극,166
업무,165
케이,165
부분,165
고용,164
기본,164
분기,163
진행하,163
이용자,162
희망,162
경쟁력,161
일상,160
모델,159
가맹,158
제작,158
디자인,158
등록,158
시스템,158
테크,158
은행,156
구청장,156
이유,156
창출,156
재정,156
과정,156
자재,156
공개,156
행사,156
자금,155
맞춤,155
메뉴,155
구조,154
음식,153
인근,153
정도,153
자치,152
광산구,151
조정,151
약속,150
장관,150
교수,150
결정,150
배송,150
알리,149
신속,148
계약,148
제외,148
목표,148
사장,148
스타트,148
제시,147
가격,147
가능성,146
바라,145
통신,145
쿠폰,144
요구,142
기회,141
힘들,141
조례,141
원의,141
음식점,141
반영,141
비용,140
발굴,140
책임,139
개최,139
해지,139
설립,138
발생,138
연구,138
영역,138
추첨,137
전문가,136
이동,135
침탈,135
광고,135
지난달,134
도로,133
미국,133
채널,133
문어발,133
이전,132
여의도,131
부산시,131
고려,131
올리,130
늘어나,130
나누,130
대리점,129
영상,129
처음,128
나타나,128
당시,128
백화점,128
전략,128
출시,127
청장,127
촉구,127
적극적,127
사전,126
개인,126
시범,126
평균,126
자료,125
최초,125
파트너,124
위치,124
이즈,124
최종,124
군산,123
인상,123
영향,123
요금,122
해외,122
예비,122
내놓,122
개월,122
증인,122
대구시,122
경남,122
한편,121
위원,121
헤어,121
취지,120
핵심,120
살리기,120
수요,120
수준,120
어떻,120
반발,119
최선,119
체계,118
번째,118
미용실,118
유치,118
주장,117
대규모,117
지속적,117
위원장,116
수상,116
가족,116
민간,116
오르,116
향후,116
매출액,115
일반,115
지분,115
행위,115
일대,114
홈페이지,114
가입,113
이벤트,113
중요,113
마켓,113
기획,113
당첨금,113
라인,113
동시,113
자체,113
중앙,113
한도,112
자원,112
체험,112
편의점,111
코리아,111
연장,111
덧붙이,111
편성,110
늘리,110
키트,110
컨설팅,110
사항,110
공사,109
모으,109
주변,109
대학,109
키우,109
유도,108
법인,108
갖추,108
의회,107
생태계,107
지키,107
제정,107
캠페인,107
신문,106
장사,106
오전,105
무료,105
시기,105
제품,104
제기,104
협의,104
거치,104
그룹,104
앞두,103
모든,103
재판매,103
상승,103
협업,103
위축,103
특급,103
과제,102
시정,102
일정,102
선보이,102
관심,102
불공정,102
긴급,101
요청,101
재단,101
수익,100
보장,100
스타,100
인원,99
촉진,99
펼치,99
불어넣,99
상태,99
상점,99
개의,99
시작하,98
개소,98
방향,98
대전,98
중인,98
통합,98
오프,98
갈등,98
구체적,98
쇼핑,98
고민,97
대한민국,96
김밥,96
기능,96
점검,96
위반,96
납품,96
집행,95
교통,95
건강,95
전주,95
사이,95
진흥원,95
세계,95
여성,95
업소,94
버스,94
마음,94
형태,94
반면,94
차원,94
신설,93
계층,93
계속,93
속도,93
광화문,93
맞추,93
연결,93
방법,93
출석,93
이사회,93
솔루션,93
경험,92
프로,92
다르,92
착하,92
방지,91
전년,91
온누리,91
예약,91
위협,91
관악구,91
경북,91
공감,91
독점,90
주가,90
정치권,90
개정,90
이하,90
소리,90
예상,90
전담,90
지구,90
이자,90
가구,89
로컬,89
데일리,89
협상,89
생기,89
전용,89
달하,89
민족,89
인프라,89
상환,88
공유,88
로페이,88
대표적,88
사태,88
향하,88
진입,88
정무,88
직원,88
보유,87
주택,87
신종,87
제보,87
파주,87
머니,87
현황,87
중구,86
작년,86
구역,86
물류,86
기여,85
조직,85
통해,85
드리,85
오늘,85
공급,85
동반,84
제안,84
감염증,84
이름,84
소통,84
본부,84
더하,84
더하기,84
촬영,83
포항,83
성공,83
예술가,83
의미,83
금새,83
낮추,83
완료,83
절반,82
취약,82
차지,82
이익,82
실적,82
정리,82
모녀,82
제출,82
목소리,81
기초,81
타격,81
법안,81
해소,80
분위기,80
바탕,80
특집,80
복합,80
광역,80
거점,80
삼성,80
만나,80
자회사,80
공연,79
자율,79
사업비,79
에너지,79
누리,79
심사,79
폐지,78
앵커,78
남기,78
최고,78
명이,78
보험,78
골프,78
체결,78
하반기,78
부문,78
이슈,78
종사자,77
유료,77
아트,77
과장,77
운동,77
저작권자,77
충전,77
회원,77
의지,77
인건비,77
보도,77
도시락,76
이렇,76
시가,76
차관,76
실제,76
간담회,76
전달,76
감면,76
정비,76
국토,75
줄이,75
미치,75
통상,75
절차,75
이끌,75
여론,75
포럼,74
익산시,74
생계,74
범위,74
현대,74
여야,74
느끼,74
발급,74
상장,74
자생력,73
응답,73
백신,73
증대,73
진흥,73
목적,73
판로,73
재기,73
세상,73
편의,73
아카데미,73
시청,73
자본,72
이달,72
대신,72
포인트,72
마무리,72
주도,72
감염병,72
힘쓰,72
대통령,72
물품,71
채무,71
보증,71
만명,71
연간,71
삼성전자,71
최저,71
간식,71
순환,71
적합,70
접종,70
소식,70
특성,70
마지막,70
학생,70
들어오,70
인구,70
금리,70
사용자,70
홀딩,69
입법,69
안심,69
대부분,69
안정,69
학교,69
도심,69
회견,69
대회,69
슈퍼마켓,69
당사,69
가기,69
여행,68
인터넷,68
밀집,68
고정비,68
지사,68
편리,68
수도권,68
쇼핑몰,68
몰리,68
노후,68
비상,67
추경,67
중단,67
줄어들,67
파이낸셜,67
연체,67
품목,67
이해,67
나눔,67
연구원,67
시점,67
관하,66
등에,66
인천,66
일보,66
비즈니스,66
얘기,66
진작,66
연말,66
부족,66
버티,66
내부,66
비중,66
인정,66
형성,65
모집,65
관계,65
출범,65
간판,65
뉴딜,65
적인,65
요소,65
빠지,65
들어가,65
소규모,65
체계적,65
예술,65
고개,65
인터뷰,64
참석,64
특색,64
차례,64
당국,64
토론회,64
부가,64
변경,64
공정위,64
사업장,64
자치구,64
선택,64
멤버십,64
기부,64
걱정,64
요약,64
수립,63
서민,63
처리,63
임기,63
청사,63
원하,63
역대,63
인테리어,63
인기,63
점유율,62
생존,62
총장,62
오픈,62
통화,62
추구,62
독과점,62
단위,62
등급,61
강남,61
다이,61
세종,61
고통,61
먹거리,61
도민,61
구청,61
강릉,61
게임,61
포스,61
실질적,61
살펴보,61
여파,60
스크린,60
인센티브,60
군산시,60
반응,60
즐기,60
공원,60
선물,60
달성,60
숙박,60
과학,60
발언,59
스토어,59
내노,59
라이브,59
내리,59
인사,59
파주시,59
진단,59
과도,59
조기,59
롯데,59
마포구,58
사용처,58
재편,58
바뀌,58
오프라인,58
넓히,58
협조,58
거대,58
소상,58
구민,58
소외,58
선거,58
국비,58
전기,58
답하,57
이러하,57
접수,57
누적,57
명의,57
강조,57
테마,57
건물,57
반대,57
떨어지,57
병원,57
한국형,57
별도,57
생산,57
최우수,57
테리어,57
모이,57
의혹,56
펀드,56
임대,56
뱅크,56
형제,56
집합,56
도내,56
열린,56
배민,56
대사면,56
실천,56
새해,56
동참,56
인식,55
임직원,55
확정,55
임금,55
탄소,55
방통,55
아이디어,55
전반,55
예방,55
포장,55
가량,55
창업자,55
협의회,55
라면,55
주력,55
인재,55
세대,55
전경,55
미디어,54
양성,54
현금,54
소개,54
중고차,54
소속,54
간편,54
의료,54
주관,54
결성,54
패러다임,54
내수,54
도전,54
불편,54
사라지,54
도모,54
여명,54
매입,54
영업시간,54
악화,54
압박,54
질의,54
자연,54
모색,53
과의,53
그렇,53
택트,53
응원,53
요원,53
아파트,53
임대인,53
모임,53
기록,53
당하,53
경제적,53
말씀,53
연속,53
부총리,53
교회,52
비하,52
샐러드,52
살아나,52
튜브,52
수단,52
비율,52
명수,52
시내,52
주목,52
곳곳,52
본격적,52
수원,52
안정적,52
접근,52
밀착,52
조직화,52
순이익,52
이웃,51
여행자,51
장애인,51
향상,51
왼쪽,51
일본,51
언급,51
들어서,51
대학생,51
복권,51
작업,51
불리,51
체크,51
집단,50
도약,50
명품,50
연대,50
부채,50
단말기,50
등장,50
그리,50
사각지대,50
유입,50
담기,50
화법,50
축제,50
취재,50
골목길,50
양극화,50
통과,50
커뮤니티,50
매물,50
관내,50
비교,50
권리,49
완성,49
의왕시,49
마찬가지,49
공제,49
중이,49
동일,49
보내,49
플러스,49
대행,49
역사,49
심의,49
임차,49
합의,49
중앙회,49
과거,49
종로구,48
서포터,48
활기,48
패키지,48
선도,48
하락,48
언론,48
파악,48
불만,48
노동,48
출원,48
스포츠,48
유명,48
불법,47
예고,47
확충,47
중점,47
변동,47
클릭,47
비전,47
검색,47
의무,47
개정안,47
배차,47
병행,47
현실,47
업종별,47
돌파,47
희생,46
상대적,46
차량,46
주거,46
초기,46
이미지,46
여당,46
끝나,46
충격,46
증권,46
브리핑,46
르네상스,46
환급,46
돌아가,46
가정,46
원도,45
자동차,45
상표,45
토대,45
리포트,45
안부,45
거세,45
행보,45
거두,45
자유,45
걸치,45
푸드,45
안내,45
판단,45
정하,45
식품,44
남구,44
어르신,44
공식,44
실장,44
계기,44
진자,44
지도,44
민선,44
울산,44
손해,44
대책위,44
움직임,44
경향,44
보상금,44
제주,44
발판,44
변호사,44
문제점,44
장악,44
본사,44
친화,44
태도,44
메인,44
건설,44
납부,44
소진,44
지위,44
물건,43
비밀,43
아동,43
중개업,43
출연,43
커피,43
북도,43
막걸리,43
맛있,43
통계,43
제고,43
동의,43
학과,43
먹자,43
호소,43
찾아가,43
처하,43
전개,43
장보기,43
뛰어들,43
전국민,43
패션,43
급여,43
조건,43
균형,43
나라,43
절감,43
떡볶이,43
메타,43
대화,43
개설,43
규정,43
강하,42
순위,42
패스,42
휩싸이,42
면적,42
직격탄,42
여건,42
하루,42
그래픽,42
보완,42
외식,42
일으키,42
성공적,42
주차장,42
관광객,42
소재,42
종로,42
투데이,42
오랜만,42
자세,42
위험,42
문의,42
실행,42
사후,42
달러,42
이내,41
동기,41
지수,41
기록하,41
재인,41
본격,41
개척,41
보여주,41
부과,41
원칙,41
송파구,40
휴업,40
할인율,40
급증,40
월평균,40
축소,40
당초,40
헤럴드,40
천안,40
화제,40
슈퍼,40
보고회,40
건립,40
특수,40
들이,40
타임스,40
법률,40
공장,40
내세우,40
실태,40
구입,40
인증,40
수출,40
가깝,40
실효성,40
한계,40
특정,40
구분,40
내달,39
달라지,39
과태료,39
탄생,39
소송,39
강제,39
울리,39
모르,39
경종,39
정원,39
타운,39
상원,39
통신사,39
시도,39
신한,39
명절,39
미만,39
장기적,39
심리,39
부처,39
지원책,39
단가,39
대유행,39
번호,39
소설,39
무분별,39
주식,38
양천구,38
사과,38
단순,38
네트워크,38
서초,38
근본적,38
체감,38
시식,38
광고비,38
기로,38
주간,38
작품,38
상담,38
조합,38
충북,38
꼽히,38
협의체,38
육림,38
공헌,38
교체,38
부활,38
공룡,38
공단,38
명령,38
운용,37
책정,37
아마존,37
설계,37
배우,37
상거래,37
제로,37
수행,37
계열,37
상당,37
기다리,37
공략,37
마중물,37
세우,37
만족,37
이행,37
정의,37
철회,37
세트,37
소매,37
격차,37
현상,36
주체,36
북구,36
신고,36
챌린지,36
가입자,36
야당,36
이러,36
변신,36
채택,36
특징,36
아이템,36
무이자,36
외부,36
제휴,36
본격화,36
대안,36
장기,36
재원,36
근황,36
부여,36
요리,36
포기,36
벌이,36
지배,36
공무원,36
발의,36
예능,36
버팀목,36
협동조합,36
지적도,36
정인,36
취업,36
제조,36
기후,36
편의성,36
그간,36
종료,36
외국인,36
특례,36
잠식,35
과기,35
농산물,35
연동,35
자산,35
공고,35
국제,35
유일,35
남성,35
부의,35
발족,35
위생,35
춘천,35
근거,35
급감,35
인공지능,35
차이,35
외식업,35
취급,35
검찰,35
재산,35
후원,35
고도,35
체육,35
실습,35
수도,35
번영,35
교통부,35
선대,35
천만,35
걸리,35
법원읍,34
설문,34
호응,34
민주,34
넘기,34
구상,34
대환,34
주제,34
최대한,34
앞세우,34
임차인,34
생필품,34
자녀,34
없애,34
총괄,34
전면,34
광화,34
박스,34
김성주,34
정통부,34
밴드,34
요기,34
파크,34
안전망,34
접목,33
정식,33
눈길,33
청소년,33
좋아하,33
저지,33
문구,33
위로,33
아우르,33
개편,33
수가,33
문원,33
내년도,33
측면,33
송정,33
세부,33
밥집,33
영등포구,33
성남시,33
새마을,33
농협,33
만족도,33
필요성,33
영화,33
떠오르,33
도마,33
지역상,33
일방적,33
사고,33
시안,33
집계,33
비처,33
생존권,33
착수,33
소매업,32
승인,32
분리,32
집중적,32
요건,32
발길,32
식사,32
화면,32
융자,32
최소,32
제조업,32
전시,32
카드사,32
중립,32
공방,32
달라,32
배출,32
브로드,32
남동,32
기울이,32
일환,32
질문,32
첨단,32
갱신,32
영향력,32
경진,32
동구,32
제재,32
법적,32
명동,32
쉼터,32
근주,32
권법,32
초점,32
피하,32
합동,32
정읍시,32
가하,32
시책,32
휴대폰,32
대상지,32
합병,32
어려워지,32
실내,32
인정받,31
수칙,31
멈추,31
심화,31
컨소시엄,31
선호,31
연내,31
연구소,31
불거지,31
아시아,31
단장,31
보건,31
당부,31
도깨비,31
성동구,31
수영구,31
기대되,31
마스크,31
벼랑,31
가계,31
수리,31
제가,31
서구,31
생명,31
선언,31
어치,31
결합,30
실현,30
개통,30
실패,30
주차,30
광주시,30
초심,30
사업체,30
상도,30
상향,30
타임,30
폐기물,30
취임,30
점하,30
통법,30
그치,30
이재,30
아들,30
뜨겁,30
분과,30
창의,30
고발,30
감성,30
현안,30
상시,30
작성,30
아가,30
후기,30
정기,30
단골,30
성북구,30
인력,30
크리,30
건축,30
잇따르,30
수렴,30
코스,30
서초구,30
기기,30
화재,30
산하,30
서대문구,30
발행액,30
조리,30
기념,30
분담,30
총액,30
일어나,30
일각,30
받으,30
대사,29
의정부,29
시비,29
위촉,29
대상자,29
경연,29
흐름,29
실시간,29
부당,29
충남,29
만덕,29
유동,29
혐의,29
배경,29
애플,29
소유,29
가져가,29
수치,29
보고서,29
지배력,29
오래되,29
다지,29
거절,29
엔터테인먼트,29
강정,29
우리나라,29
리뷰,29
상업,29
정산,29
광산,29
둘러싸,29
만들기,29
질서,29
종영,29
교류,29
특구,29
선제,29
면제,28
강남구,28
드라이브,28
남양주,28
긍정적,28
대학교,28
바이오,28
기자단,28
대전환,28
무인,28
스탬프,28
나머지,28
미술,28
영주,28
트렌드,28
어린이,28
참석자,28
노출,28
답변,28
주신,28
끌어올리,28
선발,28
포털,28
지불,28
후생,28
종합적,28
시일,28
효율적,28
놀이,28
편집,28
차별화,28
담당,28
서부,28
전문직,28
구현,28
내몰리,28
충족,28
봉사,28
의사,28
캐릭터,28
시행령,27
무너지,27
가중,27
북부,27
창원,27
기재,27
개별,27
세탁소,27
노선,27
허용,27
편익,27
자립,27
정화,27
동력,27
영어,27
장비,27
독점적,27
추천,27
입지,27
넘어서,27
광명시,27
내장,27
차질,27
생업,27
별빛,27
노래방,27
수당,27
끊기,27
남도,27
메신저,27
수여,27
횡포,27
신년,27
단행,27
진정,27
서류,27
불균형,27
주인,27
만개,26
해석,26
장려,26
단계적,26
앞당기,26
당첨,26
디지털화,26
종인,26
저녁,26
의하,26
명소,26
그린,26
주말,26
기대감,26
용품,26
문산읍,26
선별,26
닷컴,26
공실,26
매일,26
바다,26
데이,26
대학로,26
학습,26
중국,26
점심,26
김범준,26
골자,26
음성군,26
알고리즘,26
비대,26
전주시,26
전액,26
알뜰,26
불가능,26
스튜디오,26
리더,26
이루어지,26
퇴거,26
강한,26
중고,26
요인,26
서점,26
다음달,26
보세,26
행태,26
정확,26
농가,26
유사,26
페이스,26
이외,26
책방,26
단체장,26
일원,26
해법,26
경품,26
체인,26
정착,26
증시,25
계좌,25
일간,25
과일,25
게시,25
아쉽,25
의정부시,25
난곡,25
학원,25
사상,25
모션,25
증진,25
고도화,25
공존,25
매각,25
소독,25
기도,25
원인,25
고용원,25
개로,25
수정,25
덕분,25
바우처,25
인해,25
경상,25
이메일,25
자리매김,25
태원,25
고유,25
투어,25
다루,25
지출,25
군수,25
감추,25
겹치,25
정상,25
화해,25
포토,25
취소,25
이태원,25
시청자,25
이기,25
동영상,25
로그,25
유예,25
평소,25
분의,25
해보,25
강원,25
도서관,25
이사,25
재료,25
종이,25
잔액,25
지표,25
가이드라인,25
상공,25
부작용,25
찾아오,25
수업,25
자사,25
거듭나,25
존재,25
개시,25
동대문,25
합치,25
액수,25
뒷전,25
불가,25
행동,25
금천구,25
코드,25
되찾,25
박차,25
바람,25
필수,25
대목,25
노동자,25
무한,24
생계비,24
상위,24
진심,24
근로,24
키즈,24
손쉽,24
특성화,24
수제,24
모종,24
플랫,24
비즈,24
유출,24
겨냥,24
사안,24
보수,24
강릉시,24
기구,24
지치,24
용역,24
개업,24
예측,24
주행,24
장소,24
몰아주,24
창고,24
동대문구,24
재개,24
플레이,24
조선,24
동물,24
세금,24
대응력,24
오피스텔,24
시키,24
애플리케이션,24
표준,24
권역,24
서울대,24
접객,24
부르,24
본부장,24
가스,24
선방,24
살피,24
세탁,24
매칭,24
수원시,24
점주,24
지침,23
추억,23
정치,23
올림픽,23
어제,23
연일,23
주목받,23
민원,23
파트,23
수석,23
조명,23
일시,23
대장정,23
소매점,23
매매,23
전날,23
메시지,23
사적,23
만기,23
보드,23
서비스업,23
전문점,23
김해시,23
마이,23
주의,23
주자,23
영수증,23
일과,23
허브,23
자문,23
드라마,23
차별,23
신산업,23
설정,23
대량,23
일종,23
음료,23
리모델링,23
고정,23
스토리,23
공익,23
배정,23
앞장서,23
특허청,23
경감,23
징벌,23
홍성,23
지대,23
수령,23
선임,23
연기,23
극대화,23
평화,23
도와주,23
보험료,23
단계별,23
전방위,23
노하우,23
최소화,23
추세,23
주점,23
브이,23
사실상,23
노조,23
돋보이,22
건수,22
해지권,22
깊어지,22
잡히,22
채우,22
근본,22
양주,22
쇠퇴,22
안내문,22
탑재,22
로비,22
확률,22
그램,22
설명회,22
양질,22
질타,22
금고,22
자발적,22
규탄,22
침투,22
지에,22
성남,22
분수,22
이용료,22
본질,22
가속화,22
대금,22
총력,22
준공,22
챙기,22
일하,22
놓이,22
정권,22
요식업,22
공세,22
원장,22
소감,22
미루,22
안착,22
보조금,22
구로,22
경계,22
세일,22
콘서트,22
쟁점,22
회생,22
시흥,22
월세,22
투자자,21
현행,21
주주,21
가톨릭대,21
유발,21
경관,21
이틀,21
확립,21
포스터,21
코스트,21
초청,21
생태,21
대통령상,21
수록,21
대체,21
능력,21
저금리,21
고맙,21
재활용,21
모자,21
준수,21
기가,21
장난감,21
농업,21
소공,21
조언,21
순간,21
중장기,21
교환,21
배상,21
부정적,21
지역별,21
개사,21
탕감,21
본인,21
전력,21
복원,21
개조,21
보행,21
크리스마스,21
변리사,21
수소,21
견제,21
급식소,21
치열,21
고금리,21
철학,21
한정,21
판매액,21
포용,21
부지,21
다니,21
보성,21
증명,21
기업인,21
언니,21
풀이,21
달서구,21
보전,21
지방비,21
재벌,21
상대,21
시티,21
용산구,21
당일,21
연제구,21
거주,21
여수,21
꿈꾸,21
증액,21
숙이,21
얼굴,21
자가,21
자제,21
측은,21
화성,21
벌어지,21
세계적,21
선유도,21
건물주,20
프레스,20
철거,20
경쟁사,20
통일,20
체제,20
유행,20
기차,20
로봇,20
편하,20
스퀘어,20
경영난,20
최소한,20
달리,20
부자,20
붕괴,20
해명,20
감안,20
회의실,20
직접적,20
관악,20
회복세,20
내부적,20
시의회,20
사이트,20
두고,20
관측,20
반찬,20
태양광,20
보태,20
운행,20
놀이터,20
따지,20
오징어,20
수입,20
학자,20
의뢰,20
애로,20
용기,20
저리,20
고기,20
가까이,20
투쟁,20
하한,20
반도체,20
도출,20
원내,20
시지,20
지하철,20
구조적,20
가미,20
한샘,20
원년,20
교부세,20
전반적,20
치즈,20
사무소,20
실물,20
보급,20
매수,20
공항,20
올르,20
업주,20
고양,20
노인,20
훈련,20
마포,20
화장품,20
힘입,20
터전,20
내비치,20
시상식,20
건의,20
드러내,20
연예,20
손잡,20
안양,20
수많,20
계량기,20
걸맞,19
건전,19
변이,19
저해,19
지류,19
부서,19
돌려주,19
풀뿌리,19
도착,19
상징,19
예산안,19
숙박업,19
이면,19
임차료,19
움직이,19
여정,19
로켓,19
취하,19
적립,19
가상,19
권한,19
작가,19
창작자,19
뿌리,19
뽑히,19
유성구,19
문구점,19
테일,19
개점,19
되살리,19
한숨,19
플렉스,19
무리,19
시리즈,19
통계청,19
실력,19
화차,19
지켜보,19
비트,19
현지,19
사옥,19
테스트,19
나타내,19
유형,19
연세대,19
방문객,19
역점,19
만남,19
보존,19
진화,19
구하,19
시세표,19
발달,19
제타,19
삼호,19
재직,19
청문회,19
부대,19
저소득,19
나아가,19
증가율,19
대기,19
친구,19
구간,19
사건,19
초과분,19
총수,19
그려지,19
팀장,19
자원부,19
매니저,19
위탁,19
파인애플,19
버리,19
연령,19
조화,19
꾸리,19
주거지,19
재택근무,19
과다,19
준하,19
파스타,18
신뢰,18
피해자,18
프랑스,18
다짐,18
선수,18
리서치,18
전달하,18
초과,18
정체성,18
이화,18
메뉴판,18
프롭,18
불안감,18
공영,18
시사,18
출생,18
올라가,18
논리,18
천여,18
독려,18
포항시,18
시설물,18
대가,18
보육,18
주최,18
관점,18
머물,18
형평,18
라도,18
잘하,18
하세,18
제하,18
원스톱,18
음악,18
트럭,18
번지,18
부정,18
대장,18
책임감,18
소멸,18
고강도,18
우체국,18
고려대,18
지로,18
상금,18
블록,18
제주도,18
경선,18
내려가,18
한때,18
청와대,18
위주,18
생활권,18
갈산,18
세부적,18
빌리,18
품질,18
입찰,18
트리,18
청춘,18
직면,18
겨울,18
넘치,18
부회장,18
반갑,18
치매,18
격려,18
은평구,18
유업,18
기지,18
느낌,18
아쉬움,18
전인,18
춘천시,18
연동제,18
체질,18
투명,18
고르,18
토지,18
당사자,18
밀리,18
하수,17
지원단,17
감염,17
융합,17
아끼,17
디딤돌,17
오더,17
직장인,17
포스트,17
재고,17
한파,17
호수,17
감독,17
변하,17
전통적,17
팡이,17
거론,17
위약금,17
휴대,17
미용,17
산자,17
현실화,17
상임,17
벗어나,17
사무총장,17
가슴,17
세무,17
북미,17
사각,17
초등학교,17
본원,17
급하,17
국장,17
대행사,17
동해,17
광장,17
법정,17
정성,17
획득,17
사용하,17
애정,17
당정,17
디저트,17
시간대,17
개장,17
직장,17
적자,17
경정,17
시루,17
안양시,17
돌리,17
물가,17
놀라,17
테이블,17
어로,17
검증,17
제작진,17
장점,17
시위,17
부장,17
피자,17
관리비,17
쓰이,17
옥천군,17
옵션,17
실핏줄,17
탈취,17
지주,17
강요,17
집회,17
남원시,17
도매,17
금산,17
강감찬,17
이중,17
추산,17
판매점,17
서면,17
사인,17
이승,17
드러나,17
인천시,17
책임자,17
공시,17
평등,17
이의,17
공정성,17
걷기,17
충돌,17
산학,17
지나치,17
인텔,17
성수동,17
기르,17
동향,17
플라스틱,17
자동,17
부합,17
기억,17
인왕,17
하우스,17
밀접,17
중학교,16
영화제,16
소스,16
따라가,16
변재,16
무시,16
정해지,16
곱창,16
사무실,16
블루,16
의식,16
연초,16
독식,16
강동구,16
각오,16
스탠드,16
수산물,16
칭찬,16
성수,16
유럽,16
휴무,16
실무,16
끊이,16
공격적,16
결론,16
쏟아지,16
안타깝,16
서두르,16
취득,16
법상,16
종사,16
순서,16
청취,16
남천동,16
사임당,16
안산,16
자랑,16
머리,16
교차,16
입구,16
바라보,16
대출금,16
스톡,16
구내,16
구정,16
택배,16
원활,16
불합리,16
그리하,16
신중,16
떠나,16
지하,16
약자,16
헌신,16
내일,16
임시,16
분쟁,16
일어,16
한글,16
공감대,16
끼치,16
흥행,16
한겨레,16
참가,16
지형,16
구도,16
신청서,16
강원도,16
다가오,16
중간,16
문화재,16
딜리버리,16
입소문,16
시절,16
역외,16
제정안,16
심정,16
상표권,16
우진,16
후문,16
연금,16
남부,16
텔레콤,16
무섭,16
디자이너,16
비난,16
모니터,16
철저,16
수사,16
수집,16
광역시,16
자격,16
연습,16
급성장,16
관광지,16
호선,16
가파르,16
응답자,16
세제,16
피부,16
제약,15
스타일,15
절대,15
사정,15
퇴직금,15
의문,15
젊음,15
교섭,15
양사,15
권고,15
오른쪽,15
뭉치,15
개가,15
성북,15
쓰레기,15
유진,15
서로,15
신세계,15
여가,15
출입,15
이윤,15
음성,15
하소연,15
소재지,15
정훈,15
스스로,15
전쟁,15
활로,15
식료품,15
직업,15
진주,15
분노,15
관여,15
독립,15
모노,15
호황,15
의결,15
보수동,15
의정,15
전국적,15
구두,15
주한,15
개방,15
보답,15
감동,15
인물,15
화두,15
생겨나,15
인접,15
도청,15
출신,15
지혜,15
당선,15
성원,15
시중,15
일어서,15
신선,15
닭똥,15
내다보,15
가로수,15
소정,15
발주,15
가동,15
수다,15
성명서,15
한해,15
특별법,15
태어나,15
내외,15
소득세,15
유아,15
해결책,15
사당,15
양평군,15
선과,15
터널,15
장식,15
팔리,15
사계,15
여행업,15
볼거리,15
신호등,15
파트너십,15
드림,15
운전자,15
불과,15
방과,15
시름,15
지니,15
하자,15
집수리,15
소상인,15
관건,15
양측,15
공청회,15
작용,15
급식,15
정지,15
누락,15
배부,15
쏠리,15
임하,15
동행,15
무대,15
근린,15
매뉴얼,15
교육생,15
마찰,15
월별,15
베스트,15
강북구,15
눈물,15
터치,15
장미,15
당근,15
미소,15
지목,15
맛보,15
영주시,15
형식,15
외면,15
월간,14
그중,14
원래,14
등극,14
첫째,14
수년,14
가로,14
죽이,14
자동화,14
고리,14
면역,14
낙후,14
동명,14
개성,14
부각,14
어울림,14
구의,14
비영리,14
잇달,14
토스,14
시흥시,14
주향,14
평생,14
패턴,14
떡집,14
꾸러미,14
갈비,14
전경련,14
추석,14
관은,14
강도,14
회관,14
기준법,14
출자,14
업의,14
건축물,14
제동,14
조회,14
원리금,14
학부,14
연도,14
중순,14
맡기,14
합산,14
어쩌,14
일자,14
근무,14
허가,14
홍보물,14
행운,14
사은품,14
지지,14
로고,14
평일,14
남양,14
치킨,14
판매자,14
신년사,14
촬영기,14
상의,14
문자,14
꾀하,14
응대,14
제도적,14
가을,14
다회,14
탄력,14
상호,14
학년,14
청소,14
철도,14
넘어가,14
불평등,14
청렴,14
다리,14
업그레이드,14
김포시,14
기한,14
대장동,14
돌입,14
선불,14
전라,14
호평,14
임대차,14
발견,14
폐해,14
다중,14
돈가스,14
고양이,14
노우,14
상한,14
전일,14
리보,14
스냅,14
소프트,14
안기,14
지면,14
종원이,14
안되,14
영진,14
허위,14
수성구,14
강서구,14
업과,14
두유,14
덮밥,14
냄새,14
횟집,14
박상,14
말씀드리,14
제일,14
제천,14
효과적,14
입히,14
유통망,14
천안시,14
정신,14
수익성,14
행정력,14
사리,14
리얼,14
인턴,14
창동,14
돈까스,14
구름,13
부위원장,13
인지도,13
전역,13
연희동,13
감탄,13
참여자,13
바대,13
개개인,13
창작,13
기습,13
증가세,13
근절,13
전가,13
리스크,13
고촌,13
보조,13
이바지,13
김장,13
순차적,13
개념,13
표현,13
로드,13
무상,13
과징금,13
주식회사,13
독거,13
쌓이,13
대중교통,13
노원구,13
유흥,13
경제부,13
외국,13
횡단,13
결실,13
구도심,13
태국,13
호남,13
대학원,13
책임지,13
재충전,13
무기,13
지연,13
수혜,13
현대화,13
별개,13
스터디,13
활약,13
간의,13
다방,13
살아남,13
숨통,13
청정,13
재미,13
본래,13
전수,13
심각,13
두텁,13
악용,13
외곽,13
이론,13
모니터링,13
청구,13
불안,13
벽화,13
수목원,13
자치회,13
부세,13
우산,13
경영진,13
코믹스,13
가이드,13
헬멧,13
즉각,13
점진적,13
월과,13
무차별,13
혁명,13
제천시,13
수선,13
월말,13
판매량,13
합리적,13
지체,13
협회장,13
토론,13
여행객,13
김제시,13
이성,13
출처,13
경력,13
페이지,13
반려,13
착공,13
전과,13
종목,13
있음,13
연출,13
의류,13
제어,13
사과드리,13
불르,13
파고들,13
전락,13
표정,13
어둡,13
표시,13
방향성,13
송구,13
티켓,13
직전,13
운송,13
항의,13
제화,13
영광,13
터지,13
발대식,13
결산,13
군민,13
둘러보,13
입증,13
견인,13
명분,13
우리은행,13
공공요금,13
자리잡,13
온기,13
예찬,13
명과,13
홍우,13
박물관,13
바닥,13
토의,13
보성군,13
방의,13
체계화,13
정육점,13
편지,13
매도,13
때리,13
열풍,13
정작,13
편입,13
오해,13
지경,13
대대적,13
타깃,13
강의,13
놓치,13
여년,13
교육과,13
전공,13
치료,13
외치,13
총동원,13
라디오,13
관찰,13
고생,12
지인,12
주축,12
분양,12
계약서,12
선진국,12
시의,12
사가,12
비결,12
궁금하,12
국내외,12
큰돈,12
상승률,12
거지,12
정보력,12
고탄소,12
구별,12
속출,12
소방,12
키워드,12
자본력,12
통제,12
구석구석,12
확신,12
자총,12
직무,12
회계,12
이모,12
응모,12
역세권,12
나아지,12
유력,12
전향,12
소공연,12
자아내,12
권익,12
꽃집,12
안정화,12
부에,12
남용,12
재료비,12
군포,12
단기,12
재개발,12
중복,12
이월,12
가용,12
하이,12
지난주,12
제대,12
차기,12
정책적,12
혁신적,12
돌아오,12
육아,12
라이,12
승객,12
찌개,12
싸움,12
경제인,12
국세청,12
금융권,12
스며들,12
궤도,12
재건,12
중증,12
기탁,12
서명,12
시너지,12
요일,12
공언,12
펼쳐지,12
중계,12
비치,12
정상화,12
수산,12
이용권,12
우선순위,12
급변,12
신형,12
첫날,12
선포,12
패드,12
존중,12
코마,12
송출,12
주일,12
미흡,12
셰어링,12
목사,12
저탄소,12
도정,12
퇴직,12
파괴,12
반박,12
단기간,12
경동,12
조짐,12
퇴사,12
박람회,12
완성도,12
우월,12
협동,12
종속,12
산정,12
배제,12
얼어붙,12
수준의,12
안건,12
돌파구,12
라운지,12
부품,12
밸리,12
나들목,12
지내,12
산업화,12
부모,12
꿀맛,12
편식,12
이대,12
장치,12
적재,12
존경,12
공직자,12
지식,12
통보,12
수십,12
이소,12
태안,12
원가,12
참고인,12
명함,12
불황,12
발간,12
철폐,12
연습장,12
불어나,12
초반,12
지역민,12
동작구,12
침범,12
몸집,12
등교,12
케이크,12
시선,12
불구하,12
주먹,12
하와이,12
받아들이,12
디스플레이,12
협력사,12
수의,12
위상,12
광진구,12
법령,12
비싸,12
고대,12
돼지,12
내걸,12
분류,12
어룡동,12
심상,12
편안,12
기범,12
달르,12
그랜드,12
말씀하,12
니콜라,12
성숙,12
투명성,12
배터리,12
충격적,12
잘못,12
코너,12
노리,12
해진,12
모범,12
심판,12
상한선,12
유통업,12
총회,12
플레이스,12
미션,12
부탁,12
서관,12
고심,12
유니콘,11
가르,11
미용업,11
관로,11
가전,11
일문일답,11
진료소,11
거래액,11
해바라기,11
메이커,11
수퍼마켓,11
성사,11
술집,11
성격,11
규제법,11
면접,11
만세,11
주년,11
백만,11
발송,11
집행부,11
직후,11
부탁드리,11
북적이,11
보호법,11
명성,11
모양새,11
나무,11
파이,11
기쁘,11
물꼬,11
멘토링,11
최대치,11
상회,11
단골손님,11
모아,11
선착순,11
바이러스,11
포크,11
선출,11
순대,11
일반인,11
카메라,11
여력,11
색상,11
신원,11
관리소,11
단독,11
연천군,11
골프장,11
여대,11
애초,11
회가,11
취업자,11
토끼,11
마리,11
보행자,11
노래,11
수완,11
기조,11
마시,11
즐겁,11
부곡,11
성명,11
청과,11
철도망,11
계단,11
시한,11
소프트웨어,11
잠실,11
개방형,11
섰다,11
게스트,11
게재,11
회로,11
적시,11
제언,11
홍성군,11
반복,11
복수,11
있었,11
인사말,11
후속,11
카트,11
추기경,11
꼬집,11
조을,11
당혹감,11
인터,11
지부,11
명칭,11
아름답,11
승계,11
뒷북치,11
비례,11
연경,11
플랜,11
오미크론,11
이탈,11
운수,11
특단,11
청주,11
한국은행,11
채소,11
공로,11
상용,11
대림,11
반가워하,11
년대,11
자초지종,11
약령시,11
강기,11
노트,11
렌즈,11
직불,11
불씨,11
변모,11
유덕,11
운영자,11
한화,11
인사동,11
출마,11
안팎,11
안동,11
성실,11
계획서,11
재발,11
결의문,11
바쁘,11
자수,11
잠재력,11
대부,11
정치인,11
퍼지,11
두드러지,11
엄마,11
온실,11
파스,11
우주,11
나아,11
백형,11
강동,11
방치,11
돌보,11
거래소,11
서도,11
새벽,11
탈바꿈,11
조형물,11
교육청,11
촉발,11
농촌,11
독자적,11
대여,11
텐트,11
터미널,11
신축,11
국회의원,11
이드,11
물량,11
착안,11
실험,11
국도,11
이백,11
노사,11
학계,11
벤치,11
평론가,11
둘째,11
박근,11
격상,11
의존,11
식물,11
주택자,11
경주,11
침례,11
이수,11
구제,11
최신,11
역곡동,11
선서,11
우대,11
양도,11
두류,11
실망감,11
종업원,11
창구,11
침수,11
무역,11
수급,11
돌려받,11
랜드,11
속하,10
신도시,10
여지도,10
야간,10
지상,10
세류,10
월드,10
생협,10
단축,10
명목,10
워크,10
파급,10
반등,10
내자,10
중심지,10
부착,10
권장,10
길이,10
부상,10
명단,10
수료,10
월부,10
포구,10
한산,10
성북동,10
제안서,10
전형적,10
달려오,10
해이,10
호텔,10
사주,10
정문,10
돌솥,10
토요일,10
문턱,10
본회의,10
처분,10
올라오,10
금요일,10
소지,10
급락,10
유관,10
중재,10
우수작,10
공모주,10
종량,10
종류,10
재해,10
출발,10
추이,10
격화,10
웃음,10
전동,10
자금력,10
삼아,10
감당,10
개인적,10
방제,10
각지,10
광고료,10
불량,10
공해,10
종식,10
지향,10
분주,10
제조사,10
광명,10
내가,10
적응,10
환자,10
뷰티,10
감시,10
더디,10
주유소,10
배치,10
낙폭,10
성인,10
재테크,10
소요,10
민지,10
보통,10
중공업,10
방앗간,10
재현,10
총리,10
당기,10
일변도,10
부부,10
라이더,10
좋아지,10
국숫집,10
위인,10
불투명,10
기분,10
조작,10
국무,10
회동,10
셀프,10
동생,10
산업과,10
부스,10
부패,10
경상북도,10
주기,10
권이,10
후원금,10
날씨,10
시인,10
장님,10
나뉘,10
극단적,10
표창,10
회수,10
폭넓,10
자상,10
사설,10
전문적,10
수익률,10
인지,10
입금,10
해안,10
나주시,10
주소지,10
진통,10
이듬해,10
오리,10
단속,10
공지,10
앞장,10
임원,10
세모,10
와의,10
한하,10
뒤따르,10
끝자리,10
내외부,10
나선,10
제치,10
흔들리,10
권리금,10
투표,10
만두,10
덩치,10
라이프,10
궁극적,10
성장세,10
차단,10
자인,10
연말연시,10
도면,10
메뉴인,10
부약,10
부천,10
대처,10
대박,10
국립,10
동작,10
국면,10
수용,10
계절,10
가상현실,10
이끌어내,10
부위,10
교구장,10
공기업,10
유상,10
운세,10
강구,10
주인공,10
주방,10
감사장,10
기행,10
테크노,10
정주,10
퇴근길,10
상승세,10
출산,10
강점,10
채용,10
셋째,10
추정,10
장인,10
의외,10
여유,10
극과,10
배분,10
가운,10
꺼리,10
경고,10
경영자,10
거래법,10
음식물,10
오시,10
발맞추,10
서빙,10
주역,10
도구,10
참가자,10
빼앗,10
국수,10
수위,10
송리,10
인의,10
유리,10
효율,10
출구,10
완구,10
경제권,10
내면,10
판매업,10
계곡,10
호소문,10
전파,9
부진,9
실정,9
흡수,9
반전,9
마크,9
끌어들이,9
초창기,9
하향,9
영입,9
급행,9
모험,9
재선,9
달이,9
고을,9
법이,9
슬기,9
승자,9
카테고리,9
베타,9
마당,9
모금,9
관왕,9
주시,9
숙원,9
베이커리,9
대중,9
자르,9
상임위,9
수료생,9
의도,9
시국,9
변수,9
바위,9
상용차,9
유용,9
잘나가,9
어긋나,9
레이션,9
동해시,9
신청자,9
일가,9
채권,9
재계,9
상처,9
이견,9
유성,9
들리,9
남양주시,9
식료,9
심하,9
프리미엄,9
통행,9
장바구니,9
옛날,9
행방,9
여지,9
참고,9
대립,9
동파,9
단절,9
접속,9
오류,9
직결,9
생산성,9
근로자,9
그림,9
박용,9
청원,9
대주주,9
경과,9
비서관,9
일상생활,9
몰이,9
울상,9
달래,9
부실,9
페스티벌,9
이발소,9
대란,9
법원,9
거래세,9
쇄신,9
보상법,9
병진,9
꺼내,9
퇴근,9
사업소,9
고시,9
지탄,9
가사,9
해충,9
법과,9
강서,9
치유,9
실상,9
싸우,9
클럽,9
언덕,9
한국인,9
노트북,9
자진,9
가면,9
형편,9
문어,9
스티커,9
부추기,9
불확실,9
장애,9
돌아보,9
오이,9
살균,9
여자,9
폐쇄,9
빠져나가,9
중견,9
사업권,9
한영희,9
간이,9
결성면,9
나우,9
트이,9
소개서,9
발전소,9
일대일,9
창현,9
명시,9
막히,9
언론인,9
한옥,9
수진,9
충실,9
가수,9
대표자,9
도봉구,9
도쿄,9
아버지,9
그해,9
동아,9
마감,9
물어보,9
준석,9
항목,9
검사,9
은진,9
가시,9
법무부,9
중요성,9
영위,9
보편적,9
점수,9
분할,9
단일,9
명맥,9
병상,9
고도화하,9
이사장,9
컨벤션,9
전성기,9
해체,9
영하,9
초래,9
독특,9
환수,9
보관,9
부엉이,9
신고서,9
풍력,9
치르,9
한눈,9
컴퍼니,9
선택권,9
델타,9
광진,9
내야,9
내실,9
측이,9
개관,9
옮기,9
생선,9
사행,9
사의,9
누비,9
녹지,9
인분,9
남동구,9
모세혈관,9
머무르,9
보상제,9
영등포,9
끌어모으,9
효율성,9
백기,9
입주,9
연휴,9
중대,9
떠넘기,9
렌터카,9
고수,9
소한,9
고소,9
칼국수,9
허물,9
인권,9
경쟁적,9
곤란,9
결권,9
청약,9
정액제,9
세기,9
양호,9
경쟁자,9
추후,9
잡음,9
캐나다,9
갈리,9
푸르,9
홍원식,9
예전,9
위기감,9
동주,9
꾸미,9
표하,9
사내,9
성우,9
맞물리,9
욕구,9
급등,9
주고,9
초대형,9
개원,9
들여다보,9
이진,9
보여,9
녹색,9
구리시,9
시공,8
분권,8
나이,8
조장석,8
마이너스,8
시달리,8
상습,8
틈새,8
증평읍,8
비책,8
헬스,8
엇갈리,8
입력,8
소품,8
석진,8
감장,8
다투,8
좌담회,8
표명,8
결식,8
지점,8
감내,8
지법,8
내역,8
죽음,8
양식,8
더블,8
동리,8
빵집,8
종일,8
일반적,8
고가,8
본연,8
화합,8
신나,8
느껴지,8
떠밀리,8
독일,8
동남아,8
방탄,8
읍장,8
옥외,8
비법,8
버전,8
띄우,8
배달원,8
원격,8
어울리,8
금번,8
국수집,8
환불,8
시외버스,8
자위,8
맞대,8
지갑,8
가가,8
실전,8
명예,8
유치원,8
관철,8
리더십,8
현물,8
경청,8
풀리,8
획기적,8
명부,8
전폭적,8
이용률,8
시험,8
사무,8
월급,8
부드럽,8
던지,8
전횡,8
프레임,8
진석,8
외출,8
동과,8
담보,8
여권,8
맛과,8
판매처,8
경훈,8
비대칭,8
구비,8
구성원,8
상담소,8
재택,8
역동적,8
안성,8
지피,8
팽창,8
레스토랑,8
올려놓,8
레터,8
실질,8
리그,8
직영,8
강자,8
유니폼,8
환영,8
바리,8
주무관,8
능동적,8
도가,8
장벽,8
고충,8
말기,8
주위,8
화학,8
에이,8
터닝,8
중지,8
소환,8
서남,8
당면,8
토정,8
어리,8
해선,8
신화,8
가도,8
공백,8
기아,8
복구,8
회현동,8
동원하,8
감사패,8
독자,8
사들이,8
잠재,8
포식,8
컴퓨터,8
북한,8
육상,8
공모전,8
보증료,8
무담보,8
민주화,8
선두,8
가리,8
차등,8
임명,8
대입,8
정순,8
실과,8
도산,8
국가적,8
생방송,8
참여도,8
소극장,8
폭발적,8
일례,8
세가,8
축구,8
훼손,8
뒷받침,8
장기간,8
먼저,8
월요일,8
와이어,8
알루미늄,8
내주,8
상무,8
필수적,8
자정,8
진부면,8
승화,8
이브,8
신월,8
종환,8
축하,8
헤치,8
학대,8
칸막이,8
이용객,8
군데,8
맞이하,8
상자,8
편리성,8
방위,8
추궁,8
김수영,8
복잡,8
농성,8
조항,8
즐거움,8
색깔,8
상시화,8
학회,8
그립,8
서울특별시,8
인위적,8
시세,8
악영향,8
의의,8
정기적,8
길라잡이,8
종전,8
유인,8
재능,8
다름없,8
저감,8
조심,8
호명,8
대유,8
체류,8
지친,8
근처,8
약육강식,8
주류,8
이해관계,8
화천,8
연잇,8
난곡동,8
번의,8
칼날,8
봉사단,8
닫히,8
깨트리,8
활력소,8
편리함,8
자부심,8
환원,8
질책,8
소폭,8
매력,8
돌아다니,8
휴식,8
일은,8
연맹,8
호중,8
벤치마킹,8
상당수,8
예비비,8
발걸음,8
연중,8
투기,8
엔진,8
상은,8
조율,8
주어지,8
명심,8
나쁘,8
선배,8
탱크,8
사연,8
전지,8
소형,8
와인,8
양상,8
스쿨,8
구체화,8
원자재,8
상징물,8
부흥,8
중반,8
접어들,8
원칙적,8
처방,8
우선적,8
부인과,8
전격,8
도덕적,8
김화,8
판촉,8
취임식,8
부와,8
원주,8
철강,8
모양,8
착용,8
보건소,8
한명,8
미러,8
주재,8
알려주,8
사물,8
개그맨,8
대호,8
한도액,8
규율,8
실리콘밸리,8
중점적,8
산림,8
생활상,8
서원,8
재취업,8
신사,8
오가,8
박대,8
당한,8
정진,8
갑석,8
금융사,8
일주일,8
없었,8
휴무일,7
상영,7
피켓,7
강진,7
재래시장,7
분과장,7
개혁,7
동원,7
예체능,7
신공항,7
날인,7
드립,7
학부모,7
한정적,7
진짜,7
보궐,7
순천,7
투자비,7
합성,7
본선,7
극장,7
하라,7
넘겨받,7
교통망,7
다툼,7
반쪽,7
석현,7
출범식,7
출간,7
캠프,7
기점,7
구둣방,7
양이,7
복제,7
군은,7
오리지널,7
졸업,7
연임,7
이차,7
화가,7
유망,7
안보,7
흔들,7
고속,7
성동,7
차리,7
우편,7
내기,7
깨비,7
아프,7
세계로,7
혼신,7
들어보,7
상도동,7
자양분,7
인선,7
코퍼,7
꺼지,7
천명,7
징계,7
범죄,7
나도,7
양지,7
회복력,7
윈도,7
택배비,7
장군,7
비서,7
관이,7
일시적,7
영준,7
공식적,7
이력,7
내고,7
반집,7
옐로,7
문오,7
김대중,7
영지,7
스페이스,7
양조장,7
찾아보,7
오토바이,7
단면,7
여름,7
웃돌,7
처벌,7
방이동,7
타당성,7
건네,7
본지,7
불고기,7
다가가,7
지시,7
잔혹,7
주차난,7
정립,7
비리,7
정체,7
요율,7
사법,7
소년단,7
폴리,7
윤리,7
박사,7
똑같,7
고성,7
한우,7
다그,7
오아시스,7
농어민,7
치러,7
양육,7
인용,7
맥락,7
건축법,7
인과,7
주세,7
괴롭히,7
창조,7
강사,7
송하,7
성환,7
개인별,7
일감,7
신생,7
신경,7
성도,7
증강,7
첫걸음,7
선유,7
영등동,7
끝내,7
시제품,7
현미,7
한시적,7
한창,7
박히,7
사계절,7
해상,7
도서,7
준칙,7
자식,7
환전,7
추진력,7
메가,7
포유,7
망원,7
포커스,7
사채,7
운전사,7
습관,7
가입률,7
임의,7
소호,7
감독원,7
이지,7
양의,7
새우,7
수백,7
위험도,7
희비,7
덮치,7
예술인,7
날리,7
휴일,7
처우,7
선사,7
엄청나,7
집권,7
암호,7
구로구,7
완공,7
실습실,7
어머니,7
결혼,7
찬성,7
군의,7
공부,7
공업,7
정서,7
노랗,7
혼란,7
화물차,7
수습,7
근간,7
경영권,7
숲길,7
의향,7
식재료,7
다음날,7
세무서,7
모티브,7
내쉬,7
하늘,7
이탈리아,7
노태,7
대다수,7
소가,7
필두,7
남자,7
윤상,7
화적,7
포부,7
아침,7
특강,7
선택지,7
역전,7
향기,7
시장법,7
집의,7
고양시,7
후퇴,7
먼지,7
자신감,7
고비,7
새봄,7
동래구,7
백기완,7
장면,7
무선,7
소모성,7
자국,7
튀기,7
장려금,7
말로,7
사관학교,7
이어진,7
트로트,7
힐링,7
통감,7
서울역,7
가동률,7
전제,7
이만저만,7
현대자동차,7
명실상부,7
면피,7
기부금,7
추가적,7
사그라들,7
지급액,7
반기,7
와중,7
갈산면,7
영구,7
매이,7
자로,7
시급,7
고사,7
원대,7
뻔하,7
이원,7
대상인,7
네거티브,7
폭염,7
공휴일,7
영업권,7
황폐화,7
일요일,7
잘되,7
사이즈,7
빼앗기,7
주도적,7
가입비,7
알아보,7
농민,7
키오스,7
진열,7
전진,7
바이어,7
총은,7
가결,7
공화국,7
호프집,7
연관,7
이룸,7
개별적,7
하이닉스,7
시골,7
두려움,7
신발,7
정육,7
가공,7
걸음,7
배구,7
탐욕,7
해내,7
민낯,7
두꺼비,7
체온,7
초구,7
피력,7
드물,7
명신,7
탈세,7
컨설턴트,7
신흥,7
국무총리,7
활동비,7
조경,7
즉석,7
전년도,7
이관,7
한마당,7
총연합,7
고요,7
사용법,7
붙이,7
가닥,7
방영,7
풍경,7
으뜸,7
현철,7
설득,7
준공업,7
조달,7
여객,7
일괄,7
뉴욕,7
분식,7
용도,7
정반대,7
직속,7
길동,7
초석,7
무분별하,7
개이,7
검사소,7
수험생,7
규칙,7
증감,7
공용,7
감소세,7
경성,7
흔들림,7
마리나,7
서리,7
금은,7
특장차,7
면모,7
특별상,7
수련,7
강행,7
되살아나,7
울산시,7
박재,7
책무,7
손보,7
고조,7
견디,7
재정비,7
상황실,7
파워,7
급부상,7
창피,7
선택적,7
불러오,7
팻말,7
이선주,7
부딪히,6
크러스트,6
해양,6
담아내,6
정조준,6
실수,6
감축,6
에스,6
낭비,6
쪼개,6
지원자,6
부리,6
점령,6
우유,6
인증서,6
상법,6
한돈,6
출혈,6
케이스,6
실증,6
최승,6
최적화,6
빨래방,6
숙소,6
단과,6
어린이집,6
기현,6
초고,6
근거리,6
신제품,6
정재,6
인적,6
장터,6
소식지,6
신인,6
쇼케이스,6
네티즌,6
원화,6
길거리,6
개발자,6
진영,6
위법,6
분산,6
동그랗,6
몰아치,6
간선제,6
눈치,6
크림,6
보람,6
간선,6
계란,6
신사업,6
카펫,6
전신,6
튀김,6
유효,6
집도,6
자치법,6
진로,6
간직,6
생산자,6
메카,6
수거,6
오랫동안,6
소수,6
염두,6
선심,6
미래형,6
친절,6
다발,6
미세,6
낙지,6
이강,6
웃돈,6
밥그릇,6
보석,6
신분,6
경제학,6
경재,6
육군,6
경영학과,6
선생,6
경신,6
교육부,6
폭증,6
제곱미터,6
연료,6
감각,6
냉면,6
지르,6
신림동,6
한식,6
크기,6
사수,6
케어,6
사업단,6
중랑구,6
국경,6
제거,6
주치의,6
스페셜,6
다방면,6
자생,6
고치,6
사용료,6
재무,6
금융업,6
끌어내,6
길들이,6
스톤,6
소비액,6
윙크,6
유기적,6
전문대,6
러스트,6
운영권,6
초등학생,6
문승,6
로열티,6
배려,6
오승,6
구속,6
택지,6
일컫,6
신조어,6
지자,6
후발,6
포화,6
포식자,6
심야,6
까닭,6
보증금,6
아프리카,6
개강,6
재산권,6
일제,6
존폐,6
맞닿,6
세로,6
바로잡,6
첫해,6
공통점,6
산책로,6
우후죽순,6
달성군,6
을지,6
어우러지,6
빨갛,6
빛나,6
연방,6
지가,6
현수막,6
건보,6
고위,6
민병,6
슬로건,6
별다르,6
행정부,6
탐방,6
도시화,6
공기,6
합작,6
원전,6
불러일으키,6
설레,6
마음가짐,6
개미,6
토막,6
와이,6
말르,6
동아리,6
자구책,6
기획전,6
부인,6
과열,6
커뮤니케이션,6
수상자,6
파리,6
조처,6
염원,6
판교,6
공동화,6
기하,6
손길,6
도지사,6
사명감,6
부양,6
위권,6
블룸,6
연쇄적,6
실망,6
영아,6
물리,6
태세,6
건너,6
저작권,6
계류,6
상수도,6
말살,6
법학,6
약하,6
계상,6
선량,6
원재료,6
라인업,6
시기상조,6
상상,6
승승장구,6
배꽃,6
신혼부부,6
어깨,6
긴장,6
노점상,6
여신,6
속보,6
교사,6
맥주,6
의뢰인,6
소비문화,6
동해안,6
버그,6
원자력,6
다릿살,6
점도,6
크리스마스트리,6
넘보,6
삭감,6
자가용,6
전기자전거,6
초소형,6
아픔,6
만난,6
박석,6
오륙도,6
시립,6
사기,6
젊은이,6
아나고,6
메우,6
인생,6
합의점,6
간만,6
방기,6
재래,6
다각적,6
박하,6
힘겹,6
가속,6
공격,6
대응책,6
화장실,6
창우,6
칠성,6
집단행동,6
개입,6
마블,6
중식,6
무작정,6
처지,6
라스트,6
영업장,6
마라,6
임시회,6
직거래,6
측정기,6
저자,6
공식화하,6
폐점,6
어린이날,6
편찬,6
부꾸미,6
독서실,6
결과물,6
풀어내,6
단비,6
강세,6
해제,6
접경,6
번가,6
금촌동,6
타개,6
측정,6
잡화점,6
끝자락,6
장보,6
앞줄,6
대외적,6
숫자,6
목욕탕,6
쇠락,6
정상적,6
저변,6
한약재,6
강북,6
연재,6
관제,6
시의원,6
우림,6
결의,6
폭설,6
공구,6
셋톱박스,6
메디컬,6
토마토,6
울타리,6
수술,6
재검토,6
명리,6
성시,6
문전,6
제철,6
해산물,6
사포,6
보람차,6
족발,6
프로필,6
원사,6
특산물,6
순항,6
대못,6
벽면,6
회식,6
못하,6
엑스포,6
사망,6
남편,6
대변,6
지주사,6
특혜,6
상장사,6
그림자,6
뛰어넘,6
사익,6
편취,6
릴레이,6
한시,6
출연자,6
공과금,6
다듬,6
구멍,6
애국,6
간소화,6
성품,6
숨지,6
서식,6
계획안,6
유흥업소,6
자격증,6
완주,6
컬러링,6
못난이,6
참답,6
일로,6
소미,6
진부,6
방울,6
광석,6
피케이,6
연락,6
좌우,6
현실화되,6
관할,6
감수,6
순회,6
충심,6
감자,6
청년층,6
출입구,6
판결,6
수료식,6
정밀,6
군정,6
수시,6
놀러오,6
전곡리,6
입학,6
천년,6
하리,6
현은,6
생활비,6
상계,6
전세,6
집이,6
어젯밤,6
청사진,6
화상,6
신축년,6
태정,6
학원비,6
그다음,6
빈집,6
보복,6
궁금해하,6
호로,6
진천군,6
종수,6
차로,6
우회,6
부천시,6
은혜,6
기원,6
매진,6
주무,6
시즌,6
주머니,6
모자라,6
무겁,6
창회,6
호랑이,6
경쟁이,6
인년,6
도비,6
가보,6
곡성군,6
황리,6
연선,6
백운,6
중첩,6
한상혁,6
일출,6
주사,6
올라서,6
원권,6
에피소드,6
과천시,6
올바르,6
경제계,6
황동,6
출제,6
아리아,6
권형,6
점심시간,6
취향,6
구경,6
농지,6
고급,6
순조,6
하남시,6
빅뱅,6
직능,6
차세대,5
구호,5
유동성,5
율과,5
판매대,5
사활,5
보강,5
보탬,5
제도화,5
이해도,5
흘러가,5
조리실,5
폴리텍,5
성립,5
장려상,5
되새기,5
버겁,5
극찬,5
아리,5
메꾸,5
기능장,5
공통,5
신영,5
대국민,5
압도,5
뽐내,5
소프,5
자생적,5
백제,5
색다르,5
합성어,5
연구진,5
태풍,5
학생과,5
늘어서,5
이종,5
토하,5
용돈,5
전선,5
걸림돌,5
흐르,5
개장식,5
게시판,5
유감,5
일터,5
탈출,5
캠퍼스,5
일몰,5
씨앗,5
메일,5
미래산업,5
증정,5
제도화하,5
신분증,5
고의,5
의료진,5
친족,5
클리닉,5
미경,5
고령화,5
사업법,5
현행법,5
압력,5
가평,5
활기차,5
과세,5
폐기,5
전념,5
휴가,5
전송,5
경비,5
선비,5
필요시,5
빗물,5
발광,5
기능적,5
비효율,5
다이오드,5
한방,5
무소속,5
경수,5
복음,5
뒷다리,5
기정,5
성곤,5
대권,5
추광,5
지지율,5
당원,5
손자,5
공예,5
컷오프,5
고석,5
반론,5
사용시,5
대인,5
향수,5
경매장,5
윗길,5
출전,5
옹치,5
학동,5
도자기,5
거부,5
좌절,5
기계,5
열고,5
치명적,5
민의,5
성장률,5
구매자,5
적히,5
오일,5
드로,5
파격,5
강성,5
무언가,5
몰르,5
녹화,5
사거리,5
부재,5
유일한,5
레이스,5
특약,5
도용,5
갈무리,5
진학,5
알바,5
행정과,5
오래,5
늦어지,5
전보,5
여제,5
사랑받,5
관행,5
하수관,5
앞서,5
어묵,5
상충,5
장날,5
복지부,5
찾아다니,5
행렬,5
방송사,5
사업가,5
포상,5
요식,5
표방,5
휘선,5
선적,5
제목,5
투융자,5
모태,5
유통량,5
점차적,5
건국,5
경제가,5
결정적,5
거느리,5
주도하,5
미술관,5
양궁,5
소문나,5
공일,5
주택가,5
치솟,5
배후,5
인수로,5
대희,5
사로잡,5
수차례,5
끓이,5
속도감,5
금통위,5
결집,5
채무자,5
빈곤,5
신호,5
장기화되,5
담당관,5
퀄리티,5
불암산,5
하계,5
등락,5
우면동,5
민변,5
민간단체,5
지네발,5
장옥,5
소유자,5
세요,5
식재,5
병원장,5
야기,5
장담,5
소홀,5
뭇매,5
영상물,5
방지법,5
동편,5
매실,5
연구소장,5
다큐멘터리,5
부사장,5
찾아내,5
장자,5
시동,5
재미있,5
노을,5
장년,5
망미동,5
한쪽,5
영예,5
허성,5
여행사,5
늦추,5
트랙,5
놀랍,5
노포,5
수개월,5
행진,5
아르바이트,5
궁금증,5
공급자,5
나름,5
사랑방,5
양쪽,5
세율,5
매력적,5
담당자,5
유휴,5
마리아,5
고산,5
폭락,5
전망대,5
중과,5
퍼포먼스,5
박민,5
연수,5
메리,5
수취,5
요가,5
복귀,5
기요,5
간과,5
고추장,5
실험실,5
진안,5
양재,5
양면,5
순매도,5
합하,5
시상,5
효성,5
공표,5
도매상,5
숙박업소,5
김좌진,5
미선,5
빚어지,5
교단,5
나의,5
대의,5
총회장,5
이상은,5
횟수,5
깨닫,5
항공,5
기능인,5
세대주,5
산식,5
교인,5
민자,5
커피숍,5
준공식,5
개수,5
선의,5
규명,5
반하,5
제공받,5
마이크로,5
스피커,5
가요,5
이슬기,5
초토화,5
홍익,5
지중,5
상도의,5
겨자,5
빼기,5
소기업,5
법률안,5
도심형,5
승원,5
신생아,5
유선,5
원상,5
수직,5
스트리트,5
상상력,5
다양성,5
남대,5
소연,5
타워,5
오너,5
영사,5
고장,5
뜻하,5
육박,5
언더,5
싱글,5
의제,5
차가,5
여관,5
달구,5
성적,5
심층,5
일명,5
등촌동,5
익선동,5
수혜자,5
하천,5
흩어지,5
일선,5
천막,5
태우,5
거액,5
가져오,5
본예산,5
인동,5
응하,5
수익금,5
일구,5
경찰,5
금전,5
돼지고기,5
치료제,5
지양,5
정우,5
고독,5
염증,5
민수,5
제원,5
모텔,5
아쉬워하,5
불필요,5
약해,5
연설,5
청탁,5
에디터,5
퇴임,5
산책,5
개발원,5
정동,5
유비,5
적정,5
로마,5
장과,5
명물,5
분당,5
쌍문동,5
경대,5
동서,5
부럽,5
벙커,5
승수,5
대변인,5
대세,5
인파,5
여독,5
집어삼키,5
오찬,5
도외,5
제주시,5
영대,5
수천,5
선전,5
자격자,5
일인,5
지명,5
두부,5
레몬,5
교차로,5
숙제,5
다동,5
농수산물,5
축산,5
빌딩,5
업적,5
정규,5
표절,5
박수,5
인성,5
목동,5
대원,5
김태형,5
격리,5
기만,5
분식집,5
벌금,5
최다,5
경상남도,5
군집,5
저조,5
다운,5
경주시,5
서천군,5
시내버스,5
예의,5
긴장감,5
예외적,5
맞서,5
수량,5
동떨어지,5
효자,5
결과적,5
내국인,5
기와,5
소장,5
출발점,5
갑작스럽,5
제트,5
상담실,5
입시,5
과로,5
멘트,5
전원,5
하대,5
뱅킹,5
이체,5
중앙동,5
의존도,5
다례,5
구애,5
까다롭,5
일회성,5
구슬,5
오방,5
가로막,5
양산,5
체불,5
승리,5
발돋움,5
동래,5
교부,5
필지,5
후반,5
악취,5
벼르,5
조절,5
극작가,5
빛내,5
핼러윈,5
다행,5
홍역,5
우룡,5
객관적,5
전골,5
보편,5
되돌리,5
난타,5
자평,5
저항,5
정국,5
몸값,5
재용,5
뛰어나,5
전형,5
배출량,5
공적,5
레트,5
밑거름,5
토트,5
지배적,5
관심사,5
요양,5
플라톤,5
단초,5
세운,5
진보,4
구원,4
장락동,4
일일,4
연령층,4
이동진,4
도봉,4
발상,4
백도,4
밥상,4
경매,4
만점,4
자비,4
계정,4
문경,4
이혼,4
대명사,4
클래스,4
번화가,4
고집,4
데스크,4
생면,4
관객,4
아티스트,4
수형,4
제수,4
남장,4
수질,4
수희,4
직관적,4
복합형,4
이상인,4
원리,4
수상작,4
가칭,4
쿠데타,4
내몰,4
세척,4
정윤,4
고압,4
장착,4
푸른,4
묶이,4
미니,4
악재,4
영화관,4
형국,4
면세점,4
대이,4
다양화,4
반납,4
고양동,4
거머쥐,4
아이콘,4
심장,4
뺏기,4
양념,4
통영,4
장학금,4
재구성,4
합류,4
공산품,4
안녕,4
증명서,4
표기,4
빈자리,4
별장,4
드리고,4
닭볶음탕,4
어민,4
아내,4
차감,4
이끌어가,4
사업부,4
열명,4
노총,4
저출산,4
서부면,4
래시,4
어른,4
바닷물,4
일곱째,4
건강관리,4
리포터,4
분수대,4
월드컵,4
리버스,4
국내산,4
기저,4
모시,4
기술력,4
낙원,4
끼니,4
설성,4
비롯되,4
송영,4
기둥,4
성철,4
커리큘럼,4
다원,4
오븐,4
뒤처지,4
머신,4
숙의,4
분명,4
서산,4
태왕,4
자급,4
용지,4
초롱,4
관람,4
토핑,4
서해,4
통신망,4
인문학,4
강신,4
만전,4
서둘,4
길목,4
수로,4
금지법,4
모여들,4
축사,4
현실화하,4
환영사,4
현판식,4
커팅,4
시찰,4
시연,4
미숙,4
초보,4
도의회,4
택하,4
막바지,4
인연,4
낙수,4
분포,4
예절,4
우시장,4
민경,4
나비,4
조종,4
총집결,4
배트,4
밤마실,4
대리석,4
악몽,4
주제별,4
논산시,4
중고등학교,4
성탄절,4
과방,4
첨병,4
중립성,4
본궤도,4
등지,4
변호,4
뜸하,4
무안,4
관문,4
최장,4
조이,4
이한,4
변함없,4
수해,4
급습,4
식단,4
포트폴리오,4
일식,4
예외,4
패스트푸드점,4
햄버거,4
포차,4
자릿수,4
제과점,4
과잉,4
전춘,4
기미,4
도래,4
송화,4
소로,4
다각화,4
후배,4
군청,4
순식간,4
진안군,4
정면,4
머지,4
현준,4
캐스트,4
선행,4
가인,4
안경,4
기덕,4
마디,4
동의대,4
캡처,4
법규,4
일성,4
보안,4
북쪽,4
탈태,4
스태프,4
경영학,4
액세서리,4
노릇,4
구심점,4
외지인,4
프로듀서,4
구체,4
초대,4
육즙,4
미지수,4
지능,4
영국,4
기업가,4
화훼,4
공문,4
수미,4
하영,4
청대,4
적기,4
기틀,4
문제의식,4
반감,4
일상화,4
서대문,4
둥지,4
몰두,4
학기,4
공매도,4
답습,4
핵심적,4
위크,4
읍성,4
동헌,4
상수동,4
박찬,4
스타디움,4
자극,4
능동,4
런던,4
한국판,4
실사,4
주도권,4
한양,4
실업,4
합격,4
나노,4
경찰서,4
기능도,4
가리키,4
명장,4
긍정,4
다이어리,4
소금,4
무장,4
못지않,4
방증,4
매개,4
목록,4
프라이,4
이장,4
자족,4
성산,4
팀원,4
미지,4
몰락,4
감소율,4
화로,4
재가동,4
호프,4
혼잡,4
권력,4
수급자,4
정치적,4
고등학교,4
다다르,4
해병대,4
당황,4
대어,4
남촌,4
중국산,4
국적,4
경창,4
만주,4
준영,4
퇴원,4
수족관,4
남해,4
가석방,4
금년,4
불발,4
도미노,4
매달리,4
치키,4
맥줏집,4
수영,4
거주자,4
만료,4
놀라움,4
형님,4
트위터,4
아울렛,4
파격적,4
감사원,4
엿보이,4
찬하,4
부풀,4
급조,4
신작,4
석권,4
이형,4
중성화,4
약관,4
평창군,4
기침,4
개항,4
기울어지,4
계산,4
이숭인,4
교육비,4
운동장,4
종숙,4
부담금,4
장거리,4
한복,4
경석,4
야시장,4
다운로드,4
새시,4
동화,4
조지,4
주회,4
콘셉트,4
구가,4
남다르,4
스물,4
삼거리,4
도산동,4
적막,4
판도,4
만대,4
청일,4
수확물,4
여종,4
농산품,4
갈비집,4
소급,4
유학,4
가급적,4
망하,4
사슬,4
영남,4
유가,4
자기소개,4
방정환,4
걷어붙이,4
흘리,4
용답동,4
지방세,4
현판,4
안방,4
간사,4
발목,4
원산지,4
노송,4
화분,4
의무적,4
의약품,4
소액,4
방해,4
윤리적,4
고승,4
따오,4
전속,4
지네,4
겨누,4
핀셋,4
소비량,4
꼬리표,4
가정의,4
굳어지,4
할인점,4
수감,4
중도,4
대본,4
지선,4
저임금,4
수력,4
벨트,4
수변,4
들려오,4
세월,4
김광호,4
장기화하,4
결함,4
대주교,4
양평동,4
최종적,4
무지개,4
역행,4
완주군,4
이중적,4
무게,4
의구심,4
덩달,4
고품,4
언어,4
입안,4
우위,4
결의안,4
교정,4
조선소,4
남행,4
면역력,4
중앙대,4
인천광역시,4
숙인,4
윤지,4
추락,4
그래프,4
삼성물산,4
중은,4
등대,4
반인,4
엔지니어링,4
주효,4
목적인,4
만장,4
추심,4
최악,4
대표팀,4
개나리,4
흔하,4
로데오,4
극명,4
접촉,4
선진,4
만화,4
걸어가,4
토론자,4
경합,4
만만찮,4
토로,4
검산동,4
당내,4
오차,4
곡선,4
유저,4
교육장,4
막다르,4
상품군,4
최재형,4
벽지,4
실업률,4
은행권,4
송금,4
네모,4
일색,4
흑자,4
고령,4
교부금,4
의무화하,4
부제,4
절규,4
편법,4
약국,4
음식값,4
되짚,4
자성,4
게시물,4
고립,4
사업별,4
징수,4
횡단보도,4
시작점,4
학술,4
통학,4
왜곡,4
삼양,4
도매업,4
원로,4
불어,4
양해,4
단체전,4
잠재적,4
일괄적,4
신지,4
별명,4
금메달,4
분당구,4
한성,4
사단,4
대덕구,4
청주시,4
이명,4
피아,4
선도적,4
백서,4
잡화,4
재질,4
도색,4
영랑,4
체력,4
싸인,4
밑돌,4
양말,4
흥정,4
갑을,4
현진,4
기업체,4
보편화,4
반문,4
신비,4
서동,4
선명,4
보상비,4
특허,4
뒤흔들,4
청각,4
통운,4
유죄,4
보듬,4
내딛,4
배당,4
외국어,4
유산인,4
지리적,4
이점,4
해운대구,4
정통,4
천주교,4
어떠하,4
입성,4
오락,4
중환자,4
미터,4
화답,4
이례적,4
상현,4
정례회,4
비의,4
아날로그,4
상징적,4
출연금,4
주교,4
명하,4
지각,4
운동가,4
일석이조,4
합심,4
폭탄,4
가시화되,4
끊임없,4
만회,4
저축,4
기념관,4
스케일,4
빼들,4
이환,4
업태,4
과속,4
삼겹살,4
보온,4
이중고,4
민심,4
전직,4
후진,4
가액,4
처벌법,4
이득,4
친숙,4
편집자,4
회춘,4
우미,4
지렁이,4
신이,4
재경,4
포맷,4
고추,4
동반자,4
김치,4
노현,4
조광,4
인력난,4
내려지,4
볼멘소리,4
추위,4
천정,4
식구,4
단국,4
시술,4
만인,4
함몰,4
설기,4
구리,4
퇴색,4
영선,4
종무,4
이상적,4
남녀노소,4
노형,4
유로,4
플레이어,4
터뜨리,4
분사,4
타이밍,4
투병,4
자활,4
대담,4
가세,4
해돋이,4
의심,4
판매인,4
정보화,4
배종,4
분열,4
감량,4
가로등,4
나흘,4
법무,4
동장,4
부여군,4
수련원,4
장세,4
멀티,4
밀려나,4
줄짓,4
여행지,4
중시,4
할머니,4
하수도,4
오염,4
독서,4
최종회,4
책상,4
토종,4
불참,4
박성호,4
주소,4
봉사자,4
서양,4
증거,4
비상장,4
온천,4
다녀가,4
통장,4
동아시아,4
검진,4
부적절하,4
반죽,4
살아가,4
홍은동,4
성만,4
순환적,4
이주,4
충청권,4
곡소리,4
잡아먹,4
제설,4
시야,4
변협,4
원일,4
정필,4
회원사,4
언덕길,4
항변,4
트롯,4
동물원,4
손꼽히,4
이승엽,4
연비,4
햇살,4
의자,4
방배동,4
중후반,4
마늘,4
이안,4
규약,4
우수성,4
블랙,4
도락,4
순댓국,4
저가,4
본점,4
도장,4
베이,4
측량,4
선운,4
가시화,4
차도,4
마중,4
발소,4
세계인,4
구룡포,4
남쪽,4
가치세,4
비키,4
유니,4
경의,4
미비,4
장남,4
수능,4
창원시,4
하종,4
결단,4
각계,4
조망,4
해로,4
무관,4
시행착오,4
원점,4
발휘,4
창신동,4
주공,4
상단,4
방문자,4
통점,4
단어,4
부도,4
호흡기,4
장마,4
불분명,3
어업,3
건도,3
은근,3
권의,3
장도,3
키친,3
병용,3
년생,3
천동,3
캠핑,3
싸전,3
거주지,3
용인,3
스카이,3
간척,3
버이,3
경력자,3
준호,3
휠체어,3
이분,3
제인,3
부응,3
동산,3
미스,3
재정적,3
일장,3
종도,3
부스터,3
익히,3
데크,3
수협,3
연가,3
마스,3
장년층,3
보편화되,3
고동,3
마주하,3
상륙,3
열정,3
원천,3
생활기,3
개관식,3
미끼,3
장례,3
기념식,3
연령별,3
순기능,3
소득원,3
베이스볼,3
언서,3
육수,3
서치,3
성지,3
고액,3
인도,3
동료,3
필터,3
스피드,3
섞이,3
목적지,3
공중선,3
배전,3
곤지,3
없이,3
자금난,3
벌쓰,3
육개장,3
짝수,3
동우,3
가래,3
권세,3
탈피,3
열선,3
금강,3
학령기,3
카네이션,3
피드백,3
읽기,3
과점,3
망연자실,3
단골집,3
과수,3
점유,3
수주,3
인맥,3
자라,3
유익,3
선생님,3
데뷔,3
이틀간,3
음향,3
가늘,3
건드리,3
조선대,3
전임,3
나로,3
실종,3
콜택시,3
성역,3
해방,3
생산적,3
내과,3
이삭,3
감지,3
초가,3
하니,3
경보,3
빌미,3
출금,3
사면,3
상병,3
분전함,3
성능,3
성결,3
뛰어오르,3
홀수,3
가의,3
배우자,3
북서부,3
입체적,3
성천,3
상과,3
쇼크,3
독창적,3
잠정,3
증권가,3
교복,3
피고인,3
무기명,3
내의,3
조리법,3
기종,3
고성군,3
샤워실,3
연면적,3
볶음,3
애매모호,3
아무렇,3
이목,3
외교부,3
재학생,3
용성,3
가톨릭,3
밀도,3
별미,3
깃들,3
북성,3
영점,3
조세,3
채납,3
교동,3
역부족,3
수본,3
엽연초,3
처가,3
허점,3
영장,3
다녀오,3
고규,3
쇼트,3
유양,3
우동,3
이별,3
희망자,3
경로,3
능사,3
의견서,3
연승,3
보인,3
진취,3
왕십리,3
집안,3
바구니,3
청과물,3
출하,3
제도권,3
발열,3
생애,3
폴리스,3
국시,3
서대,3
평가서,3
주부,3
정중,3
실리,3
입수,3
비가림,3
용호,3
공제율,3
질적,3
아동용,3
유수지,3
여름철,3
활성,3
핸드폰,3
성패,3
명암,3
어떠,3
출입문,3
명일,3
유기농,3
역랑,3
박동,3
재촉,3
분량,3
먹이,3
진척,3
전략적,3
신장,3
악순환,3
급선무,3
수유,3
받이,3
노무,3
표지,3
영원,3
별세,3
사자,3
김진희,3
수출액,3
클레이,3
겨울철,3
교구,3
체전,3
할부,3
계고,3
질주,3
미우,3
이니셔티브,3
설악산,3
라이징,3
초도,3
해맞이,3
백사장,3
달려가,3
메이크업,3
성경,3
부치,3
장학회,3
작구,3
유회,3
닥터,3
고백,3
후일담,3
용운동,3
야구,3
배관,3
시끄럽,3
사명,3
청송,3
연대감,3
시민운동,3
에어,3
정정,3
소반,3
추격,3
스트리밍,3
저서,3
비공개,3
네스,3
양산동,3
영록,3
동포,3
안주,3
거소,3
쇄도,3
심방,3
연상,3
투자액,3
스타일링,3
점찍,3
서적,3
김진하,3
양양군,3
담양군,3
장종,3
대도시,3
홍순,3
월초,3
국공립,3
알선,3
급격,3
뒤늦,3
상반,3
요리법,3
로이터,3
소년,3
김성한,3
미나리,3
천연기념물,3
인도네시아,3
우먼,3
채비,3
입원,3
생각나,3
대성공,3
청파,3
벽돌집,3
대외,3
예배,3
손질,3
책임제,3
입국,3
혼합형,3
장단점,3
번거로움,3
나눠주,3
근접,3
태블릿,3
춤추,3
계란밥,3
전적,3
대성,3
거동,3
심이,3
평점,3
애락,3
방방,3
기름,3
잠입,3
빈대떡,3
부문별,3
양보,3
일취,3
매달,3
월장,3
가산,3
가짜,3
국한,3
대접,3
장보고,3
만지,3
영제,3
진현,3
리딩,3
야채,3
구매가능,3
성에,3
예능인,3
관인,3
근간인,3
부연,3
차별적,3
퀴논,3
수공예품,3
기대치,3
조립식,3
형형색색,3
여럿,3
틈바구니,3
간주,3
고삐,3
교육감,3
입상,3
피로,3
참여로,3
용담,3
전례,3
스트롱,3
넘쳐나,3
합계,3
드시,3
홍지,3
학번,3
부딪치,3
대오,3
짜장,3
악기,3
꺾이,3
풍의,3
눈앞,3
휘말리,3
자업자득,3
정숙,3
만능,3
바코드,3
날으,3
충성,3
쇼핑백,3
크리스피,3
다잡,3
방법론,3
모델링,3
도박장,3
인포,3
재활,3
수도회,3
심볼,3
세탁업,3
지출액,3
단돈,3
뒷얘기,3
선언식,3
연예계,3
만하,3
수장,3
만경읍,3
재영,3
지푸라기,3
신정동,3
큰집,3
메모리,3
해치,3
허가제,3
이재윤,3
회성,3
베트남,3
무급,3
기술원,3
별관,3
만끽,3
부모님,3
말투,3
뛰어놀,3
변리,3
무형,3
경쟁률,3
설농탕,3
성탄,3
배선,3
기증,3
나빠지,3
용적,3
반열,3
성향,3
덕목,3
다목적,3
고시원,3
압구정,3
삼송,3
차액,3
선보,3
실직,3
포즈,3
원조,3
미식가,3
그늘,3
갤러리,3
영식,3
봉필,3
재제,3
간접적,3
리스트,3
중소기업인,3
호흡,3
총연맹,3
환상,3
보육과,3
고물상,3
문단,3
지붕,3
전식,3
도의,3
증식,3
지킴,3
기문,3
해녀,3
축산물,3
스루,3
관람객,3
혁파,3
암울,3
혁신성,3
회원수,3
준비금,3
우성,3
문고,3
강화도,3
사퇴,3
회전율,3
주꾸미,3
무력감,3
양극,3
대석,3
두드리,3
하사,3
한잔,3
에프,3
인상률,3
지하수,3
나누기,3
북촌,3
기준일,3
여수시,3
도박,3
호차,3
가볍,3
지켜오,3
아웃,3
링크,3
역설,3
현기,3
날개,3
당차,3
화살,3
모인,3
추모,3
약점,3
평사,3
세출,3
공학,3
시각적,3
제스처,3
약식,3
윤기,3
감각적,3
과밀,3
깨끗하,3
증가분,3
홍인,3
경춘선,3
고소득,3
일상화되,3
전월,3
레드,3
가방,3
떨어뜨리,3
다문화,3
구시대,3
경실련,3
성비,3
대로변,3
슬럼,3
떠안,3
국방부,3
거제,3
원동,3
웃기,3
막강,3
각국,3
엄정,3
전당,3
부유식,3
흘러나오,3
정감,3
공직,3
옮겨가,3
가죽,3
기운,3
온도,3
견인차,3
스탠딩,3
탈락,3
금호,3
일조량,3
기세,3
체크리스트,3
뼈대,3
옥상,3
원진,3
고무줄,3
유종,3
정태,3
사격인,3
유니온,3
성공률,3
자존심,3
기태,3
아이스크림,3
일본어,3
여진,3
공설,3
촉각,3
영업자,3
어룡,3
불친절,3
괜찮,3
빈도,3
강인,3
반점,3
만리,3
대구광역시,3
부가세,3
회의적,3
저전력,3
청결,3
수백만,3
구체성,3
글자,3
주되,3
정당,3
전산망,3
하이테크,3
주저,3
세정,3
지리,3
황룡,3
꽃피우,3
커버,3
무색,3
계성,3
기여도,3
엄한,3
얽히,3
획정,3
고이,3
주형,3
소문,3
열망,3
현직,3
현실적,3
주기적,3
스페인,3
컨텐츠,3
가전제품,3
국밥,3
교란,3
상정,3
직종,3
방점,3
철물점,3
강진군,3
진주시,3
필수품,3
곤두박질,3
존치,3
비도,3
변질,3
첨삭,3
증여,3
일간지,3
눈부시,3
찬반,3
증설,3
가시화하,3
수요일,3
도지,3
풍기,3
요트,3
무의미,3
무산,3
테이프,3
화랑,3
삼키,3
뜻깊,3
경의선,3
불리우,3
확인서,3
원작자,3
사당동,3
생략,3
프로세스,3
남성동,3
사립,3
권위,3
극단,3
교통사고,3
단편적,3
풍요,3
본관,3
중년,3
전시관,3
세미나,3
파장,3
총예산,3
관련성,3
저류,3
대결,3
술도가,3
치안,3
최강,3
캐럴,3
생수,3
산다,3
기선,3
허울,3
입체,3
계량,3
우리집,3
군인,3
축적,3
파생,3
동결,3
속초시,3
계산대,3
출판,3
우영,3
봐주,3
재우,3
주원,3
관심도,3
전산,3
상식,3
지속성,3
분통,3
삼청동,3
생활고,3
울분,3
전출,3
국물,3
자대,3
승진,3
그릇,3
확장성,3
표본,3
중학생,3
수역,3
누증,3
국민주,3
이인,3
지소,3
배수,3
밀폐,3
자극적,3
카풀,3
절약,3
천국,3
무제한,3
초등,3
연예인,3
설렁탕,3
안이,3
학사,3
마이크,3
자전거,3
산로,3
누르,3
튼튼,3
노령화,3
동선,3
단점,3
조병옥,3
막이,3
쪼그라들,3
범계,3
밸류,3
매체,3
바른,3
차용,3
자갈치,3
문인,3
오명,3
의무화,3
평하,3
유무,3
눈높이,3
천개,3
조가비,3
설가,3
정수,3
올인원,3
압축,3
시대착오,3
섭외,3
벌어들이,3
파산,3
소하,3
집화,3
풍년,3
내정자,3
내정,3
조감도,3
소극적,3
성언,3
과시,3
접하,3
부산권,3
김성수,3
엎치,3
상속세,3
남면,3
반경,3
내구재,3
우물,3
매립,3
기념사진,3
상관,3
진호,3
구인,3
배성,3
생존율,3
가르치,3
졸업생,3
몰아넣,3
로도,3
증발,3
패밀리,3
삭제,3
문장,3
개요,3
요청서,3
내린천,3
내륙,3
캐스팅,3
세계관,3
합세,3
환하,3
닥치,3
유병,3
낙성대,3
비구,3
극약,3
병원화,3
한신,3
신천동,3
동명동,3
평판,3
폐회,3
기쁨,3
시험대,3
외의,3
관전,3
진정하,3
카운터,3
숙련,3
유해,3
동호,3
연주,3
무임승차,3
빈민,3
소위,3
숨기,3
논평,3
어기,3
착각,3
자율성,3
나랏빚,3
기호,3
개시장,3
수고,3
수학,3
소량,3
권선구,3
완벽,3
곤경,3
멤버,3
분출,3
수확,3
안도,3
천대,3
시뮬레이션,3
무작위,3
오산,3
윤관,3
대학가,3
아젠다,3
집값,3
명호,3
노무현,3
착취,3
한탄,3
운전기사,3
컨테이너,3
이학,3
보합,3
증권사,3
안과,3
남문,3
공생,3
첨부,3
전표,3
점자,3
사진관,3
치명타,3
위배,3
정답,3
특이,3
베테랑,3
씨도,3
형배,3
하청,3
문방구,3
비행,3
등재,3
비가,3
적잖,3
유원,3
승차,3
기온,3
갸웃거리,3
계원,3
따내,3
최첨단,3
흥하,3
변형,3
대신동,3
환산,3
왕건,3
차양막,3
대치동,3
최강자,3
아이덴티티,3
지용,3
물들,3
뒤늦게,3
사망자,3
배짱,3
상봉,3
평장,3
소등,3
집적,3
저마다,3
그만두,3
활용도,3
싫어하,3
모범적,3
창립,3
성안,3
니즈,3
바닥면,3
동전,3
서수,3
빼놓,3
노란색,3
번거롭,3
지역적,3
중론,3
피어나,3
한강,3
영규,3
소의,3
원금,3
의장단,3
농작물,3
석양,3
분납,3
유정,3
정략적,3
세라,3
양초,3
까페,3
래퍼,3
적발,3
시계,3
직구,3
북대,3
위임,3
개진,3
하현,3
다이어트,3
중임,3
숟가락,3
고은,3
헌법,3
중진,3
농림,3
대북,3
문체부,3
트럼프,3
외연,3
무더위,3
군부,3
자본금,3
공공성,3
무기력,3
정례,3
종말,3
브로커,3
간격,3
전두환,3
핸드,3
고래,3
지형도,3
커다랗,3
창의성,3
시대적,3
가피,3
기창,3
제왕,3
원형,3
노점,3
친환,3
삼바,3
야권,3
허탈,3
복리,3
자취,3
식이,3
걸어오,3
중국인,3
광고물,3
광한루,3
잠자,3
기형적,3
재학,3
마음속,3
교과,3
일삼,3
영해,3
방학,3
서천,3
짜장면,3
탐색,3
호기심,3
아보카도,3
감도,3
통행세,3
설비,3
연극,3
선종,3
해리,3
농어촌,3
탑승,3
안해,3
소화,3
항만,3
구설,3
전철,3
대현동,3
전화로,3
구형,3
태영,3
두렵,3
역삼동,3
상담원,3
연제,3
동등,3
복숭아,3
애쓰,3
표출,3
내밀,3
다각,3
뒷골목,3
거주민,3
현대적,3
구미,3
휴게,3
방어,3
의결권,3
입맛,3
서툴,3
방송국,3
관리자,3
저층,3
이시우,3
제품군,3
새암,3
양옆,3
찻집,3
발생적,3
장명동,3
승부수,3
시혜,3
출연진,3
면하,3
일출봉,3
산지,3
좁히,3
안내서,3
싹쓸이,3
해하,3
학령,3
태경,3
재배,3
대선배,3
선점,3
화물선,3
하이퍼,3
도태,3
지지부진,3
특검,3
애용,3
사천시,3
경찰청,3
면담,3
말문,3
빈소,3
빌려주,3
질병,3
비슷하,3
화요일,3
최호,3
쭈꾸미,3
일품,3
하루아침,3
담합,3
구세군,3
페달,3
밝아지,3
너머,3
수점,3
정간,2
방천,2
호전,2
시군구,2
바이저,2
다면,2
민속,2
기뻐하,2
우시아,2
태스크,2
송순,2
최상,2
신동,2
쾌속,2
비품,2
시트,2
교훈,2
떠나가,2
생색,2
청파동,2
남수,2
천로,2
문도,2
글씨,2
근심,2
남산,2
적도,2
테리,2
고갈,2
직격,2
향누리,2
계시,2
동인,2
장난,2
피팅,2
지우,2
힘없,2
우체통,2
월경,2
당혹,2
번창,2
즈음,2
대교,2
성어,2
가락,2
팩토리,2
고희,2
도전적,2
끈기,2
노동부,2
용인시,2
원동력,2
병영,2
기치,2
부호,2
리더스,2
인공,2
옥죄,2
직설,2
배가,2
의료원,2
인덱스,2
가야,2
기나길,2
샌드위치,2
기획자,2
손실분,2
복안,2
천문학,2
원님,2
특선,2
일직동,2
말하기,2
참다못하,2
권하,2
크로버,2
비만,2
평화동,2
음악회,2
저렇,2
설득력,2
옥천,2
박리,2
지향점,2
비축,2
벼룩시장,2
멋있,2
생산품,2
귀금속,2
잘살,2
우산동,2
데려가,2
과당,2
본보기,2
불복,2
다매,2
공론장,2
패션쇼,2
진이,2
대덕,2
구직,2
치명상,2
재즈,2
갈치,2
판다,2
포석,2
고교,2
개국,2
탑재해,2
수그러들,2
토단,2
편집실,2
일거리,2
아나운서,2
유지비,2
대관,2
증빙,2
하도급,2
역설적,2
성공리,2
지원군,2
갈아타,2
불능,2
개그,2
쏟아붓,2
호스트,2
소용,2
반색,2
교섭권,2
비현,2
공고문,2
지도부,2
상품성,2
운송비,2
재다,2
구매력,2
메이,2
인산,2
체증,2
매사,2
사교육,2
차이점,2
대두,2
군비,2
성황리,2
작금,2
연발,2
기의,2
일침,2
무거,2
편협,2
외벽,2
서버,2
대중음악,2
개막,2
사투리,2
첫발,2
중함,2
천연,2
국책,2
우보,2
연식,2
만호,2
현태,2
저작,2
평양,2
신곡,2
세도,2
승제,2
후행,2
코미디,2
초거대,2
호가,2
노년층,2
걷잡,2
공채,2
가격표,2
비유,2
골든,2
양군,2
꼭대기,2
보증서,2
평로,2
음의,2
견고,2
박원,2
어드벤처,2
소시,2
일체,2
무학,2
담보력,2
원영,2
나이스,2
소관,2
회전,2
압도적,2
액면가,2
위례,2
명산,2
대중화,2
각인,2
상위권,2
왕성,2
둘러싸이,2
역사적,2
박문수,2
지배자,2
올드,2
주안점,2
색감,2
전국구,2
앞날,2
전거,2
미로,2
서영,2
지부장,2
제육,2
점등,2
공조,2
불이,2
세세,2
연세,2
제값,2
기본적,2
지나가,2
보일러,2
엄동,2
킴벌리,2
정부안,2
설한,2
일용직,2
최적,2
일산,2
비추,2
공연장,2
지하도,2
소회,2
애꿎,2
종교,2
불공정하,2
미련,2
후보지,2
건어물,2
심산,2
총면적,2
원탁,2
매직,2
가락동,2
몰려오,2
도보,2
찬바람,2
차갑,2
광폭,2
대열,2
지지자,2
안락,2
분경,2
부식,2
따갑,2
페이퍼,2
승일,2
전체적,2
벽돌,2
미관,2
보영,2
생활공간,2
뒷이야기,2
도시형,2
중의,2
해설,2
보유자,2
경식,2
글귀,2
재수,2
승격,2
관리법,2
비료,2
응용,2
성훈,2
장수,2
노년,2
한용운,2
리워드,2
마침표,2
장악력,2
남북,2
촉박,2
납득,2
일화,2
방출,2
임종,2
사비,2
파괴자,2
복무,2
목숨,2
산출,2
생성,2
치이,2
현송,2
헌책방,2
기협,2
뒤집어쓰,2
장롱,2
깔리,2
향방,2
재검토하,2
세력,2
서서,2
일의,2
진전,2
스테이션,2
제공소,2
시청률,2
장병,2
입양,2
유기,2
대천,2
정승,2
망은,2
인형,2
책값,2
고정밀,2
시네마,2
재조명,2
글로우,2
특별전,2
컨퍼런스,2
의사봉,2
중부,2
불신,2
원두,2
자본론,2
미역,2
범주,2
쳐다보,2
처사,2
통일성,2
선상,2
적법,2
차상,2
홍제동,2
에디슨,2
사회관계,2
제중,2
오케이,2
다나,2
즉흥적,2
스케줄,2
피치,2
모터스,2
고품질,2
다트,2
천의,2
화도,2
초입,2
페이도,2
가을밤,2
판정,2
우울,2
효과성,2
건너편,2
흔적,2
반짝이,2
멋지,2
규합,2
대표단,2
끝마치,2
내디디,2
고립감,2
유명인,2
중장,2
한몫,2
길가,2
기석,2
종류별,2
밑반찬,2
송정동,2
찜질,2
제자리걸음,2
안전사고,2
상존,2
표면,2
다세대,2
사치,2
접점,2
타이어,2
본질적,2
고용직,2
재편성,2
범죄자,2
인플레이션,2
긴축,2
혼선,2
정규직,2
강변,2
폭등,2
재산세,2
초계,2
자형,2
동맹,2
중간자,2
국제적,2
학위,2
연평균,2
실패작,2
총체적,2
관동,2
페인팅,2
개인전,2
염천,2
고부,2
상엽,2
절망,2
시럽,2
핀트,2
와플,2
참새,2
써니,2
팥빙수,2
장아찌,2
수제비,2
자회,2
우량,2
전화번호,2
미추홀,2
연구원장,2
베이스,2
결사,2
리빙,2
안전산업,2
귀착,2
지장,2
강력,2
이성엽,2
쓰러지,2
허덕이,2
서베이,2
유례,2
기인,2
세액,2
자만,2
박자,2
단순화,2
약화,2
황모,2
초월,2
전무,2
정부간,2
부내,2
익명,2
족쇄,2
모토,2
지회,2
해운,2
템플,2
분식점,2
식탁,2
완승,2
고덕,2
영종,2
일회용,2
학생부,2
모의,2
대답,2
작물,2
애경,2
내공,2
칫솔,2
샴푸,2
들려주,2
강당,2
위안,2
명사,2
팩스,2
목요일,2
요일별,2
단란주점,2
콜라,2
소다,2
설맞이,2
향유,2
중산층,2
인상적,2
출발선,2
평온,2
읍내,2
도스,2
블랙홀,2
무공해,2
연결망,2
바르,2
자아,2
성교육,2
호재,2
가림,2
인왕산,2
오늘날,2
자락,2
북한산,2
충신,2
교습소,2
엄두,2
프리,2
액자,2
바꿔주,2
견주,2
무협,2
약진,2
장해,2
카페인,2
불식,2
쓰레기통,2
정자,2
통틀,2
절지,2
예기,2
영웅,2
목욕,2
보수적,2
소실,2
연출가,2
홍도,2
오드,2
그리스,2
개편안,2
격앙,2
콩국수,2
회분,2
데이터베이스,2
정책위,2
사생활,2
백미,2
기독교,2
고원,2
기념회,2
새끼,2
목회자,2
은퇴,2
동문,2
담장,2
임방울,2
물고기,2
반가,2
품평회,2
틀리,2
코칭,2
활용법,2
고공,2
리본,2
원주시,2
분향소,2
속도전,2
폭풍,2
성서,2
시시각각,2
희소식,2
급속도,2
낭독,2
연설문,2
홍서,2
삼덕동,2
철근,2
이곳저곳,2
특종,2
하인드,2
전신주,2
취미,2
도중,2
캐비넷,2
폐단,2
달인,2
가맹자,2
전산화,2
위조,2
목공소,2
공동화되,2
뛰어다니,2
불어오,2
손색,2
용봉동,2
석찬,2
지진,2
줄자,2
서포트,2
정착금,2
미개,2
사료,2
곤두세우,2
즉각적,2
요충지,2
부수,2
평수,2
정화조,2
내려놓,2
코스닥,2
내손동,2
오향,2
일평균,2
양수리,2
개원식,2
폐가,2
박탈감,2
고령군,2
부담감,2
코앞,2
투자가,2
기념사,2
곤두박질치,2
총대,2
채팅,2
꽈배기,2
갈릭,2
전야,2
풍미,2
버터,2
정애,2
배고프,2
제격,2
동이,2
태양초,2
참기름,2
뚜껑,2
농부,2
금강산,2
숯불,2
무김치,2
수육,2
교감,2
연인,2
창민,2
수연,2
힘차,2
변혁,2
가꾸,2
신기록,2
밀어내,2
어둠,2
대변혁,2
재창,2
하고자,2
불광동,2
각광,2
기지국,2
과학적,2
투수,2
고점,2
한겨울,2
비판론,2
모방,2
버튼,2
활동상,2
아지매,2
임명장,2
승용차,2
그라인더,2
발효기,2
반죽기,2
화구,2
기폭제,2
시음,2
전단,2
교환기,2
폭발,2
전입,2
지원비,2
다수인,2
만지작거리,2
관장,2
여사,2
보험자,2
기관화,2
폭력,2
팔달,2
대안도,2
하원,2
계열화,2
성토,2
경인,2
유학생,2
일관,2
클린,2
증권업,2
세포,2
감상,2
주고받,2
산재,2
막심,2
달걀,2
개폐,2
벼농사,2
저널,2
대수,2
삼삼오오,2
유산,2
밀양,2
목포,2
우선권,2
대폭,2
박운,2
르포,2
터져나오,2
합법,2
의료법,2
의료계,2
성형,2
비집,2
빈틈,2
단적,2
크리스,2
거둬들이,2
재조정하,2
봉착,2
난관,2
고층,2
집단적,2
화원,2
동대구,2
해외여행,2
치부,2
전만,2
춘추,2
도전장,2
온오프,2
성택,2
힘겨루기,2
조직적,2
여타,2
하림,2
호조,2
이주호,2
신뢰성,2
사통,2
득점,2
상수,2
밑줄,2
사르,2
정위,2
중대성,2
실업자,2
가나다,2
박진,2
영세자,2
득표율,2
감사원장,2
해산,2
실무진,2
하차,2
입당,2
계속적,2
아진,2
스쿠터,2
그날,2
안녕하,2
저촉,2
가로지르,2
갈라지,2
마르,2
콘크리트,2
오수,2
서교동,2
창업주,2
잠재우,2
미정,2
작동,2
타기,2
승부,2
독점력,2
선창,2
논쟁,2
호주,2
재화,2
운영비,2
조어,2
기밀,2
재신,2
살상,2
방면,2
극한,2
아름드리,2
제적,2
박탈,2
철퇴,2
거래일,2
남동생,2
무마,2
시발점,2
타자,2
속내,2
급박,2
경시,2
매섭,2
빠뜨리,2
물살,2
물러서,2
단서,2
정액,2
수나,2
직권,2
천원,2
의협,2
법조계,2
취재진,2
정류장,2
기득권,2
신월동,2
진열대,2
눈빛,2
반짝거리,2
스트레스,2
염색,2
이천,2
아킬레스건,2
주변인,2
수정구,2
중원구,2
금광,2
교각,2
계신,2
고인,2
화나,2
다음주,2
연숙,2
시간제,2
연구회,2
검찰청,2
메시,2
연관성,2
어제오늘,2
양돈,2
단련,2
탈락자,2
사천,2
용구,2
일조,2
영토,2
금하,2
일지,2
소모,2
미군,2
오인,2
느리,2
자임,2
동부,2
발효,2
출근길,2
헤드,2
짓눌리,2
빚더미,2
도와,2
제작도,2
입법권,2
장단,2
정과,2
잠금,2
병해충,2
동철,2
꼬투리,2
감하,2
여의도동,2
텃밭,2
급락세,2
예시,2
나들,2
이용우,2
저격수,2
강해,2
둔하,2
산분,2
대전광역시,2
자수성가,2
드래곤,2
깨지,2
지참,2
주요한,2
찬사,2
승산,2
하위,2
라운드,2
세권,2
슬리퍼,2
조그맣,2
건축가,2
계동,2
무효화,2
사격,2
보합세,2
창준,2
주중,2
위정,2
자초,2
기소,2
비방,2
방충,2
농심,2
태안군,2
충청남도,2
오성,2
주당,2
선회,2
지원서,2
독주,2
억제,2
읍면동,2
일면,2
혈맹,2
용어,2
뜨거워지,2
신간,2
선례,2
결심,2
봉쇄,2
견해,2
선악,2
휘청거리,2
대표작,2
명중,2
사용가능,2
휴게소,2
고속도로,2
한목소리,2
충고,2
조인,2
기법,2
인류,2
뇌리,2
신세대,2
계도,2
권유,2
간부,2
간부급,2
생활화,2
보충,2
깎이,2
상업용,2
비아냥,2
교본,2
효원,2
팝업,2
부근,2
불명,2
수령자,2
탐험,2
찰지,2
미사,2
조현,2
승기,2
보선,2
배당금,2
상고,2
야고,2
한줄기,2
건네주,2
따라하,2
용권,2
고령자,2
석간,2
문화생활,2
고난,2
소독제,2
장경,2
유세,2
이정,2
물레,2
곡성,2
봉제,2
이불,2
테크놀로지,2
시초,2
타석,2
요의,2
테슬라,2
무관심,2
각성,2
가두,2
활주로,2
당국자,2
공석,2
경찰청장,2
문항,2
상사,2
미결수,2
인민,2
주석,2
시진,2
페미니스트,2
진료,2
이용성,2
전조등,2
위험성,2
면책,2
할리우드,2
공무,2
간호,2
홀몸,2
휴식처,2
쾌거,2
새싹,2
수강생,2
쥐꼬리,2
진과,2
잃어버리,2
청량리,2
진입로,2
현수,2
볼링장,2
오도,2
파운드리,2
태평양,2
섹션,2
마라톤,2
경륜,2
참신,2
강석,2
살이,2
금요,2
신문사,2
조건부,2
재천,2
중앙당,2
업력,2
부유층,2
부유,2
재교육,2
가든,2
용강동,2
다스,2
귀가,2
심리적,2
교보,2
플라워,2
파티,2
식빵,2
묻어나,2
구이,2
과언,2
퇴계동,2
들어차,2
냉이,2
루프,2
식기,2
열기,2
영철,2
욕먹,2
모비스,2
플래시,2
잔여,2
소명,2
상호명,2
경호,2
무스,2
특허권,2
희망적,2
라멘,2
가람,2
콜렉션,2
신정,2
메트로,2
팔도,2
맥스,2
설상가상,2
신음,2
남가,2
연어,2
칼리지,2
재성,2
경부,2
자연재해,2
태학,2
문상,2
순희,2
가로막히,2
떡국,2
안목,2
경쟁국,2
베이징,2
빙상,2
엔트리,2
고하,2
캔자스,2
주립,2
한나,2
원규,2
강선,2
작별,2
얻어내,2
다연,2
대집행,2
축산법,2
행위자,2
치리,2
정법,2
씨네,2
김창환,2
유나이티드,2
췌장암,2
한일,2
혼성,2
태극,2
농단,2
결기,2
조문,2
영면,2
출소,2
선고,2
뇌물,2
배임,2
목회,2
교황,2
사제품,2
리얼리티,2
구척,2
장신,2
방파제,2
이순신,2
양고,2
양미리,2
도루묵,2
철책,2
영랑호,2
진해,2
성게,2
다시마,2
해금강,2
갈매기,2
갯바위,2
파도,2
화진포,2
자태,2
특전사,2
죽왕면,2
믿음,2
하나님,2
울먹이,2
검은색,2
고체,2
탐사대,2
프린터,2
코딩,2
파동,2
능력자,2
새엄마,2
재혼,2
다정,2
사제,2
공대,2
뮤직,2
총량,2
성웅,2
완화책,2
제과,2
노른자,2
성수품,2
종근,2
문서,2
반진,2
판매장,2
주막거리,2
연고,2
사유,2
참여율,2
난립,2
정모,2
곳간,2
적막감,2
양당,2
웨이팅,2
부문장,2
광양시,2
태연,2
소라,2
기자재,2
용량,2
충모,2
금천교,2
경복궁,2
관세,2
한인,2
어스,2
연락처,2
관념,2
기식,2
헌정,2
이변,2
업고,2
출장,2
언변,2
치우,2
오브,2
리처드,2
버진,2
낙찰,2
토큰,2
윤일선,2
빈대,2
문성,2
연길,2
젠더,2
김석준,2
윤창,2
재조사,2
이스트,2
주선,2
선결,2
이석훈,2
전곡,2
사다리,2
윤일,2
권태,2
오수정,2
정선,2
주문량,2
눈여기,2
온몸,2
오션,2
끌어오,2
염려,2
신동엽,2
비아,2
대도,2
주름살,2
상승기,2
덩이,2
돌잔치,2
초유,2
임성,2
작고,2
옥리,2
하토,2
비래,2
부산물,2
냉전,2
내려오,2
이념,2
그러하,2
김영삼,2
진성,2
촉진법,2
감소분,2
거시,2
수리업,2
운송업,2
알선업,2
연명,2
심해,2
덕용,2
내당,2
오감,2
도루,2
경리,2
특별구,2
경희대,2
암상인,2
전예,2
교실,2
농구,2
축구단,2
금린,2
경유,2
미술품,2
국방,2
세심,2
아름,2
부석사,2
혜림,2
순찰,2
구매처,2
획일적,2
진숙,2
본청,2
송종,2
저처럼,2
위생적,2
너스레,2
엄지,2
예복,2
말미,2
온정,2
차인,2
정일,2
일숙직,2
예정지,2
세균,2
블럭,2
한국어,2
떠올리,2
접어,2
기우,2
차이나,2
감이,2
식욕,2
귀한,2
패티,2
프렌치,2
장동,2
박제,2
취임사,2
가판,2
나들이,2
책자,2
어류,2
적합성,2
독창성,2
잠룡,2
실생활,2
물물,2
반반,2
술수,2
권모,2
묵과,2
예속,2
의학,2
파일럿,2
조림,2
관공서,2
거스르,2
월계,2
연지,2
러브,2
원안,2
본회,2
저하,2
악의,2
무가,2
알차,2
맥주병,2
경원,2
공식화,2
라자,2
전문인,2
청의,2
홍수,2
상설,2
담배,2
집약,2
성년자,2
해의,2
무로,2
조계산,2
대현,2
밍크,2
돌고래,2
윤곽,2
가덕도,2
가덕,2
타고,2
남해군,2
연장선,2
빈곤층,2
재밌,2
마차,2
물리적,2
발사,2
회선,2
모회사,2
재작년,2
예술품,2
휴지,2
가슴살,2
도심지,2
하트,2
굴착,2
대심,2
분대,2
대곡,2
소사선,2
혜화,2
퇴각,2
지보,2
함지,2
극도,2
성진,2
적격성,2
포의,2
기적,2
일쑤,2
안전성,2
최하,2
총국,2
부의장,2
영춘,2
위생법,2
건의문,2
식용,2
연구자,2
유전,2
시유지,2
주대,2
섬기,2
매부리,2
공개적,2
평안,2
결하,2
미희,2
게다,2
꼬마,2
강주,2
정장,2
양천,2
재외,2
지급기,2
재평가하,2
천장,2
특산,2
만평,2
딱이,2
번개,2
스낵,2
보습,2
이용도,2
휴양,2
임진강,2
구절초,2
학습장,2
의무실,2
안내소,2
히어리,2
수종,2
티비,2
서상,2
발표문,2
문중,2
황태,2
피의,2
사직,2
어머님,2
발하,2
생가지,2
태기,2
사립학교,2
역의,2
민족정신,2
국권,2
고택,2
김병학,2
증조부,2
백야,2
펴내,2
서쪽,2
파출소,2
안면도,2
면민,2
정류소,2
판잣집,2
제재소,2
조개,2
천수만,2
해미,2
생활형,2
무원,2
논현동,2
수면,2
영성,2
생과,2
대웅전,2
신풍,2
향교,2
방청,2
짬뽕,2
애호가,2
옥이,2
대지,2
가축,2
당산,2
통로,2
쌀가게,2
옷가지,2
냄비,2
양은,2
꿰차,2
한전,2
눈물겹,2
박스권,2
삼전,2
홍성읍,2
볼만,2
비디오,2
교가,2
고등,2
향리,2
증축,2
등하교,2
금의,2
붙여지,2
내포,2
중층,2
지그재그,2
동천,2
실외,2
세련,2
기보,2
제보자,2
형사,2
사관,2
크로바,2
구자,2
갇히,2
야욕,2
미성,2
일방,2
변명,2
속이,2
설익,2
연루,2
이진수,2
노동조합,2
결여,2
운하,2
제작사,2
모면,2
참담,2
이익률,2
평준화,2
김정식,2
한미,2
기일,2
종부,2
먹히,2
섬세,2
추징,2
전세금,2
파렴치,2
보정,2
지하철역,2
리스,2
매개체,2
보내주,2
상부,2
연횡,2
두껍,2
합종,2
요정,2
효능,2
씀씀이,2
급상승,2
헬스장,2
좌시,2
악덕,2
임기응변,2
아기,2
알코올,2
익스프레스,2
면의,2
주저앉,2
문제삼,2
스톱,2
센서스,2
정민,2
방임,2
맞물,2
안병,2
잡아가,2
상속,2
임팩트,2
강경,2
구축함,2
병합,2
수조,2
환기,2
적격,2
대출자,2
셀러,2
다각화하,2
내재,2
탄력성,2
미연,2
기술인,2
최적지,2
내들,2
차별성,2
진출로,2
취객,2
불리하,2
합작사,2
본뜨,2
급진,2
힘내,2
무너뜨리,2
품고,2
위의,2
중개자,2
기정사실,2
입하,2
융통,2
세입,2
종중,2
그늘지,2
장학,2
뼈아프,2
법률적,2
결재,2
대승,2
틔우,2
성업,2
가택,2
고향집,2
움막,2
내후년,2
장내,2
봄바람,2
충전기,2
영상화,2
정의당,2
기본권,2
목적과,2
관청,2
한곳,2
방재,2
적지,2
포진,2
간사인,2
열람,2
리치,2
슈퍼맨,2
머지않,2
산대,2
불이익,2
하의,2
시설비,2
해수욕장,2
지의,2
송도,2
박명수,2
양창,2
이경,2
쿤스트,2
서인,2
신기루,2
동서대,2
한승,2
얄밉,2
조로,2
빌리지,2
발표회,2
아저씨,2
인제,2
이언,2
물결,2
판매가,2
편견,2
기승,2
귀결,2
고범,2
민영,2
중형,2
실명,2
입출금,2
사고팔,2
중심축,2
고등어,2
사무처장,2
인조,2
경로당,2
재적,2
문화원,2
기획단,2
한걸음,2
플라자,2
전통주,2
모듈,2
부권,2
해고,2
희망차,2
이색,2
봇물,2
가정용,2
인내,2
연착륙,2
아몬드,2
태동,2
그림책,2
선호도,2
공작,2
공통적,2
주연,2
성균관,2
멀티탭,2
스리,2
되돌아보,2
양평읍,2
집결지,2
군포시,2
열분해,2
에코,2
증인석,2
유휴지,2
서약,2
전작,2
기사님,2
기부자,2
보폭,2
주경,2
원료,2
필름,2
전량,2
알미늄,2
전언,2
수평,2
양용,2
통사,2
택스,2
백마강,2
피한,2
업무상,2
양분,2
불요불급,2
지방채,2
토박이,2
실효,2
표가,2
처리율,2
지난번,2
출고,2
반사,2
번역,2
엄격,2
분리수거,2
사흘,2
추미애,2
대기자,2
시하,2
베끼,2
성의,2
파업,2
직군,2
비빔밥,2
관도,2
법제,2
캐피탈,2
들여놓,2
게이,2
직역,2
슬프,2
분배,2
기획부,2
하단,2
테두리,2
기본법,2
흰색,2
유한,2
창고업,2
시나리오,2
수임,2
정현,2
질문지,2
거르,2
안전도,2
뿔나,2
맨홀,2
나간,2
물의,2
사무국,2
발령,2
명인,2
초식,2
광적면,2
반성,2
운동화,2
양방,2
법의,2
개량,2
갈아치우,2
이식,2
몸담,2
북악산,2
관리과,2
주름,2
강심장,2
솜씨,2
개봉,2
임무,2
수자원,2
연우,2
반대편,2
응급,2
노멀,2
오신,2
넵튠,2
외국계,2
추출,2
빗대,2
의안,2
역동,2
사무국장,2
신기,2
난항,2
쇠하,2
무덤,2
본문,2
나락,2
아크로,2
원문,2
데는,2
헤어드라이어,2
신산,2
녹이,2
일원화,2
센서,2
분구,2
저지대,2
검침,2
미명,2
휴양소,2
무늬,2
내보이,2
적적,2
육식,2
엄중,2
손톱,2
향이,2
비산,2
파손,2
재중,1
사무처,1
애니메이션,1
난무,1
일별,1
날강도,1
미스터,1
씨줄,1
결원,1
메이킹,1
수탁,1
강두,1
전염병,1
목인,1
계기판,1
화고,1
내보내,1
영화감독,1
악물,1
이재훈,1
반증,1
발발,1
접견실,1
날줄,1
국외,1
불경기,1
순수익,1
상휼,1
학원가,1
사교육비,1
죽마,1
시화,1
미온,1
화전,1
모리,1
고우,1
불고,1
영화인,1
진흥책,1
제지,1
부엌,1
소주,1
가리개,1
불티나,1
광판,1
치장,1
배시,1
불티,1
서민층,1
상하,1
상류층,1
몰려들,1
디디,1
트릭,1
추운,1
성은,1
고임금,1
귀퉁이,1
히트곡,1
단속반,1
음료품,1
부평구,1
수씨,1
선인,1
병정,1
함영,1
배의,1
단편,1
화학적,1
다큐,1
남점,1
노환,1
평당원,1
진수,1
빨아들이,1
상여,1
소공동,1
여분,1
김영일,1
부자재,1
단합,1
자행,1
삼보,1
시더,1
신암동,1
친소,1
선율,1
내뿜,1
다음해,1
내음,1
복판,1
수순,1
회상,1
오르막,1
소양,1
개봉관,1
디스코,1
롤러스케이트,1
부분적,1
해방구,1
저지르,1
막골,1
멀티플렉스,1
을씨년,1
사진첩,1
큰일,1
원경,1
주막,1
재가,1
도토리,1
과거로,1
감미,1
앉히,1
안정세,1
속삭이,1
매화,1
충격파,1
예가,1
호정,1
황학동,1
돈줄,1
예식장,1
당구장,1
동윤,1
장곡,1
완비,1
방학동,1
정릉동,1
외형,1
책꽂이,1
지음,1
기성세대,1
지역성,1
입문서,1
대륙,1
하오,1
죽림동,1
큰길,1
파스텔톤,1
화장,1
빚어내,1
가쁘,1
내친김,1
동용,1
코스튬,1
분장,1
상지대,1
채워지,1
약사,1
속한,1
쫓겨나,1
망각,1
잡고,1
마스트,1
조두,1
매기,1
웨이스트,1
잉크,1
용화,1
성희,1
반환,1
조롱,1
버클,1
훈풍,1
교하면,1
자매결연,1
난입,1
신창,1
인허,1
수열,1
후미지,1
명곡,1
예쁘,1
칠하,1
거미,1
익살,1
몰라보,1
센티,1
영체,1
지상파,1
케이블,1
승규,1
직선,1
천연색,1
경양식,1
레코드,1
중화,1
요리점,1
철모,1
강냉이,1
식도락,1
뻥튀기,1
강재,1
후원자,1
회한,1
흥겹,1
뮤지션,1
대개,1
신뢰도,1
띄우기,1
원해,1
떠밀,1
고학력,1
만성적,1
과소,1
교통비,1
와이즈,1
각화동,1
절호,1
통지,1
천혜,1
기념일,1
일경,1
박정,1
센트럴,1
모닝,1
이코노믹,1
공신,1
판례,1
머스마,1
문경시,1
쇼윈도,1
면죄부,1
흥덕사,1
종주,1
후방,1
초년생,1
테이크,1
태인,1
격변,1
사칭,1
본론,1
충원,1
차후,1
백재,1
성적표,1
리라,1
자연환경,1
사기꾼,1
깜짝이,1
변해,1
휘파람,1
벌교,1
부산진,1
정년,1
퇴직자,1
부산진구,1
각별,1
휘청이,1
부업,1
불면,1
애서,1
여행길,1
벌교읍,1
옥시,1
병설,1
쟁탈전,1
엔솔,1
울르,1
선도자,1
타오르,1
소용량,1
착오,1
최저가,1
보장제,1
순교,1
면도,1
남녀,1
자동응답,1
중곤,1
오간,1
장타,1
복자,1
초단,1
정유사,1
청구서,1
재시,1
암흑,1
주간사,1
올리브,1
증자,1
영과,1
토탈,1
지옥,1
버블,1
환상적,1
매맞,1
융성,1
활동가,1
기린,1
인가,1
서학,1
회원제,1
밑지,1
원주민,1
월가,1
상업화,1
입적,1
그럴싸하,1
국부,1
고소한,1
맞고소,1
제조자,1
유의미,1
심우,1
굴리,1
위장,1
주체적,1
덴버,1
두절,1
자포자기,1
상표명,1
인상폭,1
이정표,1
뇌관,1
궁여지책,1
구치소,1
녀석,1
한마음,1
한뜻,1
외우,1
치켜들,1
대식가,1
맞춤식,1
구월,1
집단화,1
건지,1
강호,1
앙코르,1
홀리,1
로인,1
주주권,1
지주도,1
실행력,1
저수지,1
예대,1
후임,1
녹음,1
가꾸기,1
조감,1
훗날,1
수천만,1
원천적,1
의총,1
남산동,1
특징적,1
급진전,1
성상,1
조미,1
금형,1
절연,1
잡지,1
강추위,1
혈관,1
묘지,1
카센터,1
양재동,1
가공품,1
무력화,1
간섭,1
장류,1
보완책,1
논설위원,1
황명,1
예진,1
며칠,1
뭐하,1
이용수,1
정취,1
반포,1
보수성,1
장서,1
상장주,1
의상,1
지이,1
두둔,1
경지,1
상우,1
꼬이,1
트레이닝,1
겸하,1
로케이션,1
전성,1
사업주,1
간접,1
지휘,1
주목적,1
편중,1
이마,1
때맞추,1
어루만지,1
발자취,1
덧입히,1
삶는,1
재조명되,1
와도,1
스포트라이트,1
잦아들,1
시전,1
정이,1
품앗이,1
초의,1
휩쓸리,1
다가구,1
옥탑,1
선화,1
진하,1
스킬,1
사회자,1
판매망,1
수업료,1
석훈,1
토이,1
기하급수,1
두가,1
영찬,1
괴리,1
높히,1
보천,1
빨강색,1
우수자,1
당선작,1
윈도우,1
한국페스토,1
담임,1
국립대,1
사립대학,1
웨어,1
어획,1
휴먼,1
팔경,1
하드웨어,1
매료,1
이참,1
건너오,1
농요,1
농사,1
청룡산,1
보물,1
믿기,1
아미타불,1
좌상,1
석조,1
여래,1
한약방,1
벚꽃,1
만발,1
상춘객,1
가구주,1
성곽,1
성호,1
감성적,1
해성,1
인발,1
완행,1
구항면,1
보리쌀,1
임해,1
지게,1
비틀거리,1
뺏어가,1
보부상,1
기고,1
장안구,1
금지령,1
남서쪽,1
은하면,1
보령,1
직행,1
천북면,1
성황,1
장꾼,1
점차,1
자화,1
폐장,1
생물전,1
자찬,1
초상,1
살맛,1
드나들,1
열광,1
직매장,1
낚시,1
간월,1
고취,1
연찬회,1
그물,1
제반,1
영일,1
울화통,1
밸트,1
풍전,1
등화,1
서연,1
이병,1
주관적,1
한참,1
문체,1
상설관,1
덕산면,1
예산군,1
단언,1
이주민,1
발매,1
맹공,1
고북면,1
지름길,1
송주,1
자긍심,1
옥구읍,1
살림,1
대합,1
생일,1
잡곡,1
하순,1
갯벌,1
자질,1
노승,1
유례없,1
대변자,1
염전,1
해수,1
내치,1
박채,1
송병선,1
국지,1
재식,1
강우,1
열병,1
조장,1
독단적,1
군장,1
살조개,1
백합,1
열정적,1
연수비,1
명승지,1
채찍,1
토인,1
직진,1
전광판,1
강좌,1
고장나,1
맞이,1
향토,1
김유정,1
기장군,1
대까지,1
핀잔,1
지점장,1
저러,1
숨결,1
목수,1
세종로,1
서정,1
예로,1
조정실,1
비서실,1
먹을거리,1
내림,1
호통,1
문법,1
고학생,1
빨대,1
비래동,1
권수,1
광천,1
전전,1
계산기,1
듯이,1
세이,1
니더,1
역시나,1
풀무,1
오뚜기,1
궁리,1
밤새,1
알아주,1
부수입,1
초려,1
빨리,1
단칼,1
공부방,1
해장국,1
사하구,1
해갈,1
백수,1
화남,1
꼼장어,1
음미,1
팔고,1
일도,1
하나쯤,1
다담,1
휴관,1
관광버스,1
자타,1
총의,1
유재,1
주강,1
수긍,1
행선,1
사별,1
우의,1
내려앉,1
물적,1
주진,1
턱걸이,1
수평적,1
동학,1
낮잠,1
타결,1
쓰임새,1
별거,1
진용,1
북서,1
올라타,1
현지인,1
학업,1
거인,1
장래,1
난제,1
보살,1
스치,1
초급,1
타박,1
신식,1
어탕,1
오락실,1
드로잉,1
토요,1
삼삼,1
더빙,1
나이키,1
자동적,1
선망,1
재상,1
학창,1
청운,1
수강료,1
광천읍,1
주성,1
중심부,1
은하,1
상업성,1
소행성,1
관의,1
오관,1
장르,1
서산시,1
자살,1
철로,1
티나,1
이색적,1
분석표,1
강적,1
윤하,1
포수,1
문답,1
부메랑,1
원자,1
중앙선,1
신예,1
학습원,1
성미,1
끄트머리,1
탬버린,1
눌러앉,1
불러들이,1
운니동,1
후암동,1
장충동,1
독산동,1
합정동,1
신길,1
체가,1
동월,1
비바리,1
집집,1
이일,1
이대엽,1
바디,1
농축산물,1
카레,1
나태,1
째이,1
시식회,1
커튼,1
북동,1
기형,1
중앙일보,1
북문,1
통닭,1
셔틀,1
김승호,1
모빌,1
예매,1
체형,1
자양,1
부분도,1
초빙,1
세팅,1
은행장,1
준우,1
와해,1
홈통,1
진격,1
시재,1
맞먹,1
민국,1
머뭇거리,1
효용,1
이상규,1
선언문,1
부축,1
기웃거리,1
산업체,1
예수,1
노화,1
무연고,1
향락,1
보행기,1
서계동,1
누들,1
서계,1
보장법,1
성당,1
영기,1
노숙인,1
고정적,1
백반,1
뜻있,1
주요시,1
대항마,1
레이저,1
양수,1
야외,1
불문,1
성열,1
두리,1
말해,1
브리프,1
대전역,1
세태,1
밑바탕,1
호남선,1
도로망,1
영주권,1
펌뱅킹,1
태아,1
일거수,1
일투족,1
달갑,1
경각심,1
온도차,1
용주,1
매한가지,1
고배,1
운신,1
팔색조,1
학내,1
객체,1
업데이트,1
거짓말,1
절차법,1
속의,1
자주식,1
고질적,1
영통,1
동취,1
활동도,1
열심,1
생맥주,1
낙점,1
터트리,1
동상이몽,1
산해,1
아이티,1
퇴로,1
옆집,1
투영,1
신청곡,1
덜하,1
순응,1
이현령,1
현령,1
새우젓,1
견지,1
뒤잇,1
손재,1
껴안,1
대당,1
수경,1
야하,1
서문,1
촌리,1
공유지,1
광정,1
일생,1
공목,1
열전,1
큐레이터,1
디렉토리,1
에이드,1
업인,1
잠원동,1
배역,1
전자동,1
말죽,1
에스프레소,1
마하,1
삼성동,1
결연,1
이너,1
월도,1
오피스,1
언제쯤,1
월은,1
미곡,1
추월,1
열량,1
탄수화물,1
단백질,1
발할라,1
환은,1
차돌,1
괄목,1
박이,1
베이컨,1
탄성,1
국악인,1
신명,1
성직,1
완결성,1
정점,1
다각화되,1
존경심,1
박애,1
성수기,1
만사,1
눈코,1
생도,1
뜯어보,1
점문,1
증량,1
체중,1
그전,1
아바,1
법무사,1
업계지,1
방한,1
삶이,1
덕양구,1
스노우,1
일확천금,1
하와,1
탤런트,1
장본인,1
종관,1
출동,1
마니아,1
흡족,1
욕심내,1
의문점,1
오십,1
치졸,1
코다리,1
라이온,1
부스러지,1
서당개,1
노가리,1
능청,1
총무과,1
거품,1
상한가,1
복역,1
시성,1
대성당,1
착좌,1
그르,1
신임,1
승품하,1
공권력,1
댕기,1
법조,1
법조인,1
친분,1
천화,1
출자금,1
회계사,1
인방,1
안전법,1
고발자,1
세타,1
해임,1
고초,1
리콜,1
부정확,1
중래,1
야인,1
마찰음,1
친문,1
복심,1
별칭,1
대법원,1
시복,1
병법,1
현양,1
병석,1
교회법,1
후일,1
라틴어,1
법전,1
서품,1
좌해,1
사목,1
천주,1
성직자,1
몽촌토성,1
베네,1
수환,1
생전,1
하느님,1
순교자,1
폐결핵,1
누나,1
크리스천,1
장모,1
자실,1
신학,1
기네스북,1
미완성,1
대주,1
울대,1
입회,1
종신,1
교회사,1
교도소,1
형량,1
경영주,1
징역,1
동메달,1
결정전,1
패하,1
코트,1
에이스,1
눈시울,1
붉히,1
아시안,1
신드롬,1
건들,1
스타덤,1
그릏,1
고향,1
광주광역시,1
신궁,1
선수권,1
철학적,1
마스터,1
수비,1
미드필더,1
공격수,1
포지션,1
득점왕,1
벨기에,1
동점,1
폴란드전,1
지도자,1
시티즌,1
지휘봉,1
아레나,1
교화,1
대물림,1
최장수,1
가교,1
행로,1
행진곡,1
황해,1
학력,1
분단,1
모순,1
투신,1
투사,1
옥고,1
민중,1
장례식,1
특정인,1
세수,1
인도인,1
개명,1
실형,1
광복절,1
가석방되,1
아랍,1
리트,1
모직,1
재판,1
황폐화하,1
받아내,1
친인척,1
더기,1
레지,1
김홍일,1
신학교,1
참상,1
약품,1
우주선,1
개화,1
오포,1
미도,1
청소기,1
대중화되,1
기염,1
컬렉션,1
드레서,1
최상급,1
정가,1
불매,1
축하금,1
수료자,1
유공,1
미달,1
우여곡절,1
오류동,1
경남권,1
극하,1
고마움,1
문화계,1
투혼,1
대매출,1
슬픔,1
단아,1
결선,1
아웃사이더,1
변방,1
비행사,1
머스크,1
셰퍼드,1
강타,1
고전,1
창간,1
아이디,1
조주,1
송학,1
억원하,1
마인,1
크래프트,1
라지,1
근래,1
미술계,1
회사명,1
굴기,1
목표량,1
오리진,1
낙관,1
세무사,1
감정,1
탈퇴,1
언론사,1
궁지,1
센트,1
이두,1
물러나,1
날아오르,1
샴페인,1
우주여행,1
민간인,1
사이다,1
캐치프레이즈,1
비호,1
휴양림,1
사요,1
주간지,1
대중문화,1
예술상,1
금관,1
훈장,1
오스카,1
봉초,1
피플,1
몰아,1
레이,1
아시아인,1
정상급,1
재확인하,1
동남,1
차트,1
통산,1
댄스,1
아메리칸,1
아산,1
재선거,1
그래미,1
듀오,1
로스,1
히트,1
독실,1
월여,1
발명가,1
정은,1
기영,1
칼잡이,1
홍문,1
조국,1
반목,1
연패,1
자처,1
실언,1
적응력,1
저력,1
혈투,1
태권,1
끌어안,1
이곡동,1
당수,1
주호,1
도합,1
자전,1
입문,1
수락,1
관성,1
당무,1
보이콧,1
담판,1
봉합,1
허락,1
정치력,1
여우,1
조연,1
한국계,1
미국인,1
황달,1
증세,1
사령,1
부서지,1
언문,1
표지판,1
사시사철,1
공구함,1
실루엣,1
창해,1
매혹적,1
넘실거리,1
관광업,1
바위섬,1
돌이,1
배설물,1
하얗,1
동분서주,1
동쪽,1
해변,1
내려다보,1
소용돌이치,1
스릴,1
삼림,1
욕장,1
달기,1
흐트러지,1
잡아내,1
광개토,1
대왕릉,1
내홍,1
코지,1
으르렁거리,1
마무리짓,1
삼속,1
금상첨화,1
백발,1
건너가,1
옛이야기,1
비참,1
찬양,1
경배,1
신령,1
다량,1
따라다니,1
장로,1
간구,1
빈약,1
이요,1
발바닥,1
정복,1
설산,1
신앙심,1
진실성,1
천사,1
전단지,1
부르짖,1
수훈,1
물거품,1
김동욱,1
로만,1
신상,1
솟아오르,1
추진위,1
그리워지,1
새하얗,1
청간정,1
부교,1
기술적,1
기피,1
비껴가,1
삼방동,1
일등,1
유찰,1
임대권,1
플랜트,1
시마,1
액화수소,1
네트,1
카본,1
도달,1
위아,1
우월성,1
항구,1
유용성,1
공헌도,1
서재,1
전전긍긍,1
소태동,1
감염자,1
어떡하,1
일손,1
자재비,1
자래,1
명세표,1
양식장,1
대화방,1
붙잡,1
병실,1
지름,1
철재,1
절경,1
백두,1
대간,1
능선,1
봉인,1
대청봉,1
토왕성폭포,1
파노라마,1
공비,1
비경,1
초해,1
수욕장,1
난간,1
유실,1
묘하,1
메모,1
초대석,1
미증유,1
미시령,1
가거,1
진부령,1
콘도,1
콘도미니엄,1
객실,1
된장,1
멸치,1
그만이,1
심대,1
못나,1
만기일,1
플래카드,1
시리,1
김경태,1
혜인,1
정글,1
법칙,1
상암동,1
바보,1
프리즘,1
막창,1
본업,1
되살,1
웃음꽃,1
서장,1
가시밭길,1
시다,1
고되,1
로망,1
연의,1
움츠리,1
조정안,1
친엄마,1
공중파,1
사춘기,1
밀어주,1
아빠,1
담담,1
계모,1
선입견,1
두께,1
석사,1
암초,1
부서장,1
승소,1
속수무책,1
심규,1
파랑,1
용현,1
중추,1
폭도,1
확대도,1
국민적,1
국진,1
흥국,1
유근,1
시큐리티,1
통찰,1
보호실,1
공치사,1
민사,1
가정사,1
눈물샘,1
말수,1
거쳐가,1
암투,1
달리기,1
윤택,1
사육,1
빗발치,1
형질,1
본건,1
강제금,1
소유주,1
만도,1
결혼식,1
축의금,1
작업장,1
학교의,1
구입비,1
턱없,1
단결,1
돌보기,1
이선희,1
지기,1
인솔,1
탐사,1
클래식,1
합주단,1
접이,1
캐리어,1
임금제,1
창제,1
타지역,1
시니어,1
신념,1
천청,1
영업망,1
커스텀,1
악세사리,1
보름달,1
은하수,1
브레이크,1
오프닝,1
문화전,1
추어탕,1
무궁무진,1
가변,1
살아오,1
눈가,1
하루하루,1
무성,1
게으르,1
무책임,1
습관화되,1
뒤집히,1
훔치,1
벅차,1
장사꾼,1
다치,1
호불호,1
주옥,1
화술,1
헛되,1
모둠,1
예고편,1
노인과,1
소극,1
총망라,1
평가사,1
시제,1
사근동,1
중범죄,1
발생률,1
지문,1
도어락,1
임신부,1
공포,1
참전,1
광림,1
사이언스,1
일수,1
고질,1
행정직,1
다년간,1
후보자,1
상여금,1
팔복동,1
날갯짓,1
기관장,1
적극성,1
테이터,1
성별,1
궁녀,1
통단,1
개구,1
후견인,1
수구,1
치료사,1
경도,1
대문,1
촌은,1
황색,1
점멸,1
상기,1
들이치,1
우측,1
적색,1
장가,1
선미,1
경일,1
위급,1
위촉장,1
나르,1
거닐,1
해프닝,1
절박,1
먹통,1
기입,1
전기세,1
수도세,1
정신적,1
노모,1
양일간,1
노경,1
상허,1
관철동,1
중계동,1
콘테스트,1
식과,1
정원사,1
결속,1
대강당,1
집합체,1
정량,1
계량화하,1
구르,1
구협,1
수요자,1
원효로,1
귀재,1
입사,1
스타샵,1
하교,1
도매점,1
거울삼,1
기라,1
각급,1
문제없,1
반장,1
준중,1
안정화되,1
고무,1
여심,1
준비위,1
총선,1
급랭,1
체육부,1
학과장,1
목재,1
어우,1
개시일,1
부성,1
나뭇잎,1
군사,1
제일성,1
미결,1
수용소,1
공군,1
추행,1
예람,1
중사,1
가해,1
상사도,1
후송,1
불특정,1
밀집도,1
과대,1
학급,1
에쓰,1
수식어,1
불행,1
말끝,1
흐리,1
모처,1
팔짱,1
점용,1
마수,1
걸이,1
벌리기,1
중하,1
미안,1
매점,1
공덕,1
부영,1
태종,1
막노동,1
수선대,1
원이면,1
자판기,1
복장,1
쓴웃음,1
경직성,1
행당동,1
킬로와트,1
사규,1
전기료,1
도통동,1
글쓰기,1
삭막,1
사도,1
삼천,1
끄덕이,1
영덕,1
인숙,1
옛집,1
우석,1
판화,1
폭로,1
방지기,1
공공시설,1
졸업식,1
입학식,1
일쯤,1
조춘,1
기술대,1
김명원,1
추상,1
대명,1
절이,1
송편,1
나물,1
홍어회,1
무침,1
피어오르,1
시루떡,1
박태,1
김상복,1
설날,1
탄신,1
우울하,1
안타까워하,1
대생,1
일체형,1
아름다움,1
아이이,1
침구,1
리프트,1
춘기,1
삼미,1
조영,1
태준,1
교점,1
주하,1
고풍,1
구장,1
샘플,1
투고,1
근기,1
직주,1
역사가,1
미술사,1
제다,1
철제,1
와부읍,1
손잡이,1
신경제,1
경기장,1
기개,1
심혈,1
스킨십,1
화끈하,1
잉여,1
누에,1
이팝나무,1
제사,1
승차권,1
산조,1
이권,1
천도,1
생강,1
산모,1
선소리,1
타령,1
연탄,1
가명,1
다각도,1
굴뚝,1
재탕,1
와닿,1
입장권,1
승낙서,1
유원지,1
무착륙,1
출입국,1
보금자리,1
아케이드,1
재정비하,1
호시탐탐,1
탐험대,1
난민,1
혐오,1
청량,1
조교,1
인후,1
탄원,1
스캐너,1
선잠,1
전주역,1
모란,1
전업,1
버선,1
개연성,1
낙관론,1
향낭,1
조영석,1
담뱃값,1
흡연율,1
피우,1
램프,1
금박,1
투표권,1
우산장,1
승낙,1
중심거리,1
포백,1
시집,1
첫돌,1
서투르,1
문건,1
학산,1
서신,1
명훈,1
고문,1
가열,1
협호,1
미납,1
휩쓸,1
입선,1
평가원,1
대별,1
만년,1
입김,1
프리랜서,1
커넥터,1
공고화,1
조류,1
인플루엔자,1
짜여지,1
화수분,1
국채,1
의료비,1
천학,1
어저께,1
폴더,1
퀴즈,1
소신,1
초촌면,1
지운,1
트랜스,1
제의,1
소변,1
응급실,1
액도,1
비접촉,1
사용량,1
요령,1
억새밭,1
삼척시,1
삼척,1
향신료,1
마일,1
구동,1
수륙,1
익일,1
문한,1
카운트,1
견적,1
당적,1
백골,1
생활관,1
복기,1
회견장,1
열차,1
특산품,1
봉황,1
임산물,1
대조적,1
비로,1
개봉동,1
사유지,1
민성,1
무용지물,1
식전,1
잡아당기,1
권오복,1
여고,1
무연,1
반편,1
비스르,1
범한,1
로스토,1
도계,1
풍물,1
화첩,1
꽃바구니,1
포터,1
들소,1
초기화,1
파고,1
택배배송,1
대반,1
가렵,1
녹아내리,1
플러그,1
날아다니,1
공상,1
반보,1
창호,1
여이,1
추적,1
전통문화,1
라이온스,1
로터리,1
팸플릿,1
망가지,1
엽자,1
갈하,1
주방장,1
회자,1
한동안,1
홍삼,1
비타민,1
양적,1
속칭,1
부적합,1
시가지,1
전후방,1
샘나,1
야생화,1
고한,1
단일화,1
드넓,1
배부르,1
부끄러워하,1
백마,1
부시,1
대봉동,1
혈액순환,1
근력,1
기업화,1
경제관,1
주순,1
총사,1
명당,1
일정액,1
수축,1
산물,1
신모,1
질환,1
만성,1
도우미,1
천시,1
침하,1
선뵈,1
필요없,1
표면적,1
공평,1
재조명하,1
타르트,1
잡기,1
직감,1
대왕,1
통인,1
머금,1
부임,1
전통미,1
발톱,1
상황도,1
서막,1
북로,1
순열,1
수달,1
만금,1
반딧불,1
전력량,1
감시원,1
마동,1
신동아,1
수도산,1
조성비,1
개발비,1
지평선,1
일주일간,1
각고,1
낯설,1
중년층,1
학비,1
아주머니,1
산증인,1
제면,1
지은,1
청도,1
주동자,1
스티로폼,1
프로덕트,1
후백제,1
외교가,1
해리스,1
이임,1
기준선,1
왕도,1
동계,1
상벌,1
승선,1
포괄적,1
감영,1
계승,1
전서,1
월중,1
생물,1
세관,1
환급금,1
누계,1
까치발,1
줄기차,1
최상위,1
멸종,1
부작,1
바늘,1
도끼,1
소망,1
답변서,1
그루,1
목격,1
응모자,1
올겨울,1
일본식,1
비닐봉지,1
장어,1
전세계,1
실감,1
곁들이,1
일식당,1
내란,1
개판,1
가라,1
돌려보내,1
양모,1
객원,1
사진만,1
구들,1
오정,1
애물,1
야심작,1
묘안,1
포가,1
단건,1
내도,1
회신,1
거부감,1
영득,1
상환금,1
신용도,1
상명,1
보좌관,1
쉼표,1
여와,1
야가,1
소고기,1
허리띠,1
조르,1
덥히,1
총알,1
솔선수범,1
감액,1
이적죄,1
디즈니,1
동지,1
강연,1
제철소,1
단인,1
광영동,1
죄고,1
우울감,1
왕중왕,1
관리청,1
실버,1
판매로,1
내미,1
적립금,1
한문,1
전면적,1
알파,1
피해액,1
충실성,1
게이트,1
이코노미,1
금소,1
현덕,1
밀리미터,1
할인권,1
클라우드,1
암호화,1
빗발,1
산적,1
임대업,1
얌전,1
경색,1
절벽,1
제공자,1
데스크톱,1
연이틀,1
월평,1
정찬,1
얼토당토않,1
실체,1
씌우,1
워드,1
멕시코,1
결자,1
계속성,1
뒤바뀌,1
밑그림,1
방정식,1
스케치,1
망가,1
관평동,1
효림,1
위도,1
로스터,1
야무지,1
거스름돈,1
풀기,1
유인책,1
주방세제,1
정품,1
동나,1
광선,1
기니,1
귀띔,1
이순,1
만족감,1
형적,1
맥도날드,1
상식적,1
금속,1
중심가,1
아시,1
모기업,1
일단락,1
춘의,1
취합,1
수심,1
방수,1
칼집,1
집어넣,1
만시,1
방진,1
탈환,1
시너,1
케미칼,1
희소성,1
냉해,1
잼버리,1
민주적,1
고율,1
내리기,1
최하위,1
개선책,1
유턴,1
연결고리,1
인사권,1
임면,1
한턱,1
혼연,1
성과물,1
허상,1
전도,1
성국,1
윤동주,1
중압감,1
기자오,1
드높이,1
특보,1
이동률,1
예보,1
임인,1
평년,1
얼음,1
광나루,1
논문,1
문화적,1
남미,1
삼중,1
우드,1
분내,1
치타,1
민족혼,1
매봉산,1
은석,1
악성,1
태조산,1
흑성산,1
계통,1
끼어들,1
편들,1
주먹구구식,1
이륜차,1
둥글,1
유관순,1
이범석,1
이동녕,1
정상화되,1
걸르,1
정렬,1
포문,1
화축,1
관아,1
불충분,1
독부,1
태조,1
병충해,1
조일,1
쟁이,1
강물,1
미봉책,1
음료수,1
한자리,1
탐하,1
조각,1
보호책,1
시카고,1
한남,1
때쯤,1
초록색,1
감태,1
알베르,1
페스트,1
칼럼,1
촉수,1
랭킹,1
뻗치,1
발등,1
생활성,1
펴놓,1
열중,1
금수,1
저인,1
우회전,1
팔달구,1
영운,1
트리오,1
해남군,1
연수구,1
나래,1
형편없,1
기저귀,1
티슈,1
미개척,1
금성,1
백소,1
흘려듣,1
스펙트럼,1
양여,1
유의,1
오버,1
스카프,1
음반,1
겸용,1
조력자,1
총제,1
교육적,1
더럽,1
형구,1
스푼,1
종대,1
서남권,1
적임자,1
블레이드,1
존속,1
왕좌,1
옛말,1
녹아들,1
물병,1
불쾌,1
성희롱,1
분유,1
무리수,1
냉동실,1
들르,1
유경,1
제윤,1
가란,1
당과,1
색한,1
관상,1
한가위,1
당직자,1
재확인,1
레미콘,1
덕담,1
올리고,1
앞서가,1
언쟁,1
세례,1
배신자,1
가나,1
정명,1
안민,1
파헤치,1
폭리,1
협찬,1
모신,1
늦더위,1
구슬땀,1
애칭,1
아침밥,1
등산,1
초미,1
고위급,1
파우더,1
아낌없,1
측도,1
한라,1
숙명,1
부르기,1
몰아가,1
전용관,1
초이스,1
성무,1
특가,1
단감,1
움츠러들,1
악마,1
추리,1
지척,1
반출,1
진의,1
궁합,1
장의,1
붐비,1
엄포,1
호되,1
김상헌,1
털이,1
포격,1
찰떡,1
검열,1
감청,1
음란물,1
사랑과,1
광모,1
팀워크,1
대단원,1
그레이,1
드가,1
굴레,1
비비,1
노크,1
아세안,1
기본기,1
보하,1
전고,1
디테일,1
김정희,1
승희,1
검정,1
페인트칠,1
맞수,1
호객,1
맞아떨어지,1
수색,1
진열장,1
압수,1
예술적,1
복고풍,1
원목,1
판석,1
간결,1
토속적,1
그래피,1
소비력,1
액면,1
냉탕,1
수사관,1
한류,1
철학자,1
뮤즈,1
칭하,1
피나,1
아테네,1
소용돌이,1
등단,1
초록빛,1
산실,1
서사,1
자주,1
객석,1
불모지,1
폭우,1
온탕,1
온난화,1
정색,1
폭소,1
저학년,1
고학년,1
중등부,1
농담,1
건내,1
보수비,1
인쇄,1
호도,1
남아나,1
이것을,1
윤선,1
수사대,1
수염,1
간장,1
방교,1
건느,1
준비물,1
오락기,1
희소,1
장만,1
분해,1
감칠맛,1
특제,1
대파,1
반입,1
양파,1
살의,1
치명,1
강모,1
현영,1
하락폭,1
실낱,1
정운,1
돌아서,1
크루즈,1
제작소,1
달구벌,1
래핑,1
바둑,1
마스터스,1
영일만,1
우승,1
윗동네,1
해동,1
정용,1
실속,1
수저,1
순차,1
임진왜란,1
도성,1
오군영,1
퇴장,1
교통편,1
오르내리,1
소박,1
정겹,1
안내판,1
햇빛,1
진선미,1
저작물,1
상추쌈,1
알짜,1
재야,1
오믈렛,1
장조림,1
철판,1
볶음밥,1
돈놀이,1
왕자,1
국산,1
명문,1
밥도둑,1
깻잎,1
완성되,1
여류,1
극적,1
이치,1
음성읍,1
쐐기,1
콘퍼런스,1
공식전,1
레이팅,1
트래픽,1
백본,1
포착,1
여주,1
호시,1
위성,1
무감각,1
스탠더드,1
과도기,1
우호적,1
모라,1
만유,1
만원이상,1
엄하,1
군산항,1
타성,1
빗장,1
임동,1
굴러가,1
깊이,1
조규,1
재지,1
염탐,1
헌팅,1
부양책,1
루카스,1
간병인,1
불출마하,1
포커,1
지역구,1
공보,1
연달,1
중등,1
이쯤,1
심사관,1
전결,1
치중,1
사청,1
환주,1
저성장,1
거취,1
북측,1
원예,1
대사관,1
전초,1
이맘때,1
호골,1
기공식,1
삼과,1
프리미어,1
크리스털,1
레일,1
팰리스,1
전반전,1
결승,1
명창,1
접수처,1
신청인,1
송이,1
빙과,1
광원,1
한없,1
유적,1
은주,1
건축사,1
금법,1
몸가짐,1
플라이,1
가정과,1
도로변,1
수민,1
다식,1
함양,1
예방책,1
린스,1
핫이슈,1
비우,1
개청,1
동락,1
동소,1
생활과,1
홍채,1
담론,1
개성적,1
집필,1
미란,1
자서,1
극작,1
작성법,1
중국어,1
달의,1
날짜,1
세법,1
불건전,1
법인격,1
고무적,1
예약판매,1
다다,1
지구의,1
납함,1
고열,1
자의,1
절전,1
발자국,1
비명,1
외도,1
자막,1
상일동,1
믹스,1
재배기,1
채광,1
습도,1
판매고,1
수분,1
쿼터,1
엽채류,1
타이틀,1
상일,1
플래너,1
치약,1
측근,1
남궁,1
그제,1
조찬,1
저술가,1
소화물,1
한진,1
각서,1
삼면,1
수산청,1
수산부,1
패자,1
과학자,1
편향,1
가치중립,1
천차만별,1
포시,1
풍남문,1
위원단,1
구상안,1
사기업,1
여의,1
속수,1
무책,1
군대,1
대리업,1
전시회,1
용납,1
길공원,1
단선,1
대차,1
객리,1
세차,1
마감일,1
견과,1
퍼붓,1
물음표,1
고지,1
혁신안,1
의중,1
산책길,1
운산,1
해초,1
소비주의,1
정시,1
근속,1
분실,1
숙박비,1
엎드리,1
퍼시픽,1
이것저것,1
파편,1
깨알,1
출현,1
유연,1
표준화,1
오르기,1
위업,1
소방서,1
불만족,1
후불,1
포장지,1
상빈,1
대강,1
종가,1
우아동,1
떠다니,1
운명,1
손실액,1
비속어,1
말과,1
수동식,1
일부분,1
논물,1
들녘,1
과소비,1
경영체,1
정밀측정,1
발적,1
세민,1
셰어,1
수도관,1
승합차,1
비정상,1
녹물,1
이발,1
제로섬,1
현업,1
안전과,1
음식료품,1
여운,1
밝혀지,1
통행료,1
노숙,1
임지,1
재보험,1
이양,1
이원화,1
천재,1
스케이트,1
매니지먼트,1
손가락,1
모음,1
미주,1
네이트,1
토크,1
오산면,1
왕복,1
차선,1
금마면,1
대세지,1
동고,1
산업용,1
백구,1
제야,1
포도,1
특장,1
거간꾼,1
전병순,1
공주,1
변덕,1
거만,1
연산,1
현대인,1
행해지,1
강점기,1
근대,1
이리,1
명근,1
정직,1
구태,1
객관성,1
요구서,1
거래량,1
도시가스,1
유물,1
고려인,1
장마철,1
김기중,1
총궐기,1
예술제,1
기념사업,1
서세,1
기대승,1
고봉,1
옴부즈맨,1
기록물,1
그물망,1
도급,1
총합,1
자유도,1
개년,1
준설,1
우기,1
방대,1
떼이,1
문지,1
거구,1
보신,1
폭포,1
통역,1
비행체,1
현충탑,1
총무,1
수동,1
덮개,1
조모,1
아우성,1
구사,1
증폭,1
종교인,1
탁상,1
루트,1
창수,1
밥알,1
달려들,1
따름,1
야심,1
공유자,1
머릿속,1
파행,1
파열음,1
비상시,1
활황,1
표준화하,1
명세,1
양원,1
일우,1
후광,1
영란,1
진퇴,1
안식처,1
실제적,1
격감,1
애기,1
신바람,1
어쩧,1
겨워하,1
째보,1
요구르트,1
이성관,1
유천,1
갈아입,1
바래,1
하키,1
아스팔트,1
투자업,1
오주환,1
인명,1
경사도,1
동영,1
잘못되,1
빗기,1
퍼센트,1
구릉지,1
수습책,1
정향,1
검색기,1
끼우,1
오동,1
사소,1
가속도,1
변종,1
인수위,1
꿈틀대,1
들여오,1
이건,1
신원동,1
볼메,1
속임수,1
막무가내,1
골르,1
정황,1
통수,1
감시망,1
구직자,1
산업별,1
어란,1
조업,1
남현동,1
안상,1
서림,1
배서,1
장성,1
선거법,1
기성,1
성나,1
선거일,1
상규,1
이명주,1
페어,1
드높,1
녹두,1
고시생,1
중개료,1
상업적,1
컨트롤,1
한반도,1
건의서,1
퍼트,1
도하,1
독립적,1
고갯길,1
원정대,1
일상어,1
거칠,1
못쓰,1
이분법,1
촌스럽,1
성장기,1
널리,1
유명세,1
진행자,1
정량화,1
피비,1
화장지,1
행시,1
재앙,1
각사,1
뷔페,1
논하,1
엑스,1
장애물,1
출품작,1
엄벌,1
이민자,1
주권자,1
중시하,1
에일,1
서핑,1
흘르,1
수돗물,1
무지,1
중개인,1
의도적,1
무채색,1
손바닥,1
벌금형,1
반사적,1
유수,1
주총,1
퇴진,1
입식,1
대폭적,1
국제공항,1
부끄럽,1
부암동,1
연륙교,1
입고도,1
사투,1
하락세,1
권선,1
줄기,1
산의,1
의기투합,1
열흘,1
공업사,1
세차장,1
후락,1
에이트,1
수신,1
가뭄,1
통일부,1
청송군,1
사서,1
출생자,1
부속,1
이면서,1
비소비,1
약전,1
뒷자리,1
익월,1
뒷말,1
견학,1
역이,1
격려금,1
비급,1
감원,1
과반,1
투자성,1
금인,1
라이선스,1
동남아시아,1
김우진,1
금감원,1
내걸리,1
비수,1
들이대,1
에버랜드,1
미장원,1
교두,1
소음,1
추측,1
중리,1
단통,1
목표일,1
재일,1
과태,1
비관적,1
평균적,1
존엄,1
이민지,1
우울증,1
잘못하,1
물심,1
컬럼비아,1
부교수,1
놔주,1
일차원,1
방도,1
수건,1
하노이,1
크레이터,1
통용,1
받치,1
카멜레온,1
기약,1
동덕,1
타산,1
경계선,1
수출국,1
교포,1
어음,1
단발성,1
제일제당,1
집중력,1
조성하,1
격세지감,1
매듭짓,1
고군,1
세자,1
절충점,1
높임,1
민은,1
대방,1
역경,1
턱밑,1
보라매,1
통의,1
상인도,1
스위트,1
가져다주,1
도상,1
사양,1
감행,1
단기적,1
양방향,1
표로,1
둔화,1
할애,1
전설,1
상하이,1
퇴출,1
견제구,1
타로,1
소니,1
분투,1
전장,1
물샐틈없,1
가점,1
상화,1
간극,1
옛길,1
오페라,1
산불,1
무교동,1
체육회,1
도심부,1
회적,1
만행,1
소유권,1
중한,1
원론,1
프리젠테이션,1
수송,1
출판사,1
국내선,1
치환,1
갑론을박,1
맞붙,1
앞뒤,1
범하,1
일관성,1
우군,1
눈여겨보,1
소비재,1
민원실,1
취식,1
피트,1
니스,1
서북부,1
강정화,1
정미,1
무동,1
촉매제,1
공한,1
들어주,1
지키기,1
신경전,1
약사법,1
선봉장,1
불붙,1
지지층,1
복합적,1
오만,1
춘풍,1
나자,1
적이,1
봄비,1
여세,1
변용,1
용례,1
호출료,1
재준,1
퍼트리,1
동병,1
상련,1
이성진,1
불가해,1
배이,1
되풀이,1
죽인,1
소촌,1
중소형,1
세입자,1
레이다,1
저울질하,1
니콜,1
타개책,1
편집장,1
충진,1
번성,1
휘두르,1
손대,1
무소불위,1
세간,1
노골화하,1
다가,1
제이,1
주요국,1
규제책,1
화려,1
을과,1
광고판,1
읽히,1
허탈감,1
보류,1
잔뼈,1
소구,1
평동,1
발단,1
아마추어,1
중환자실,1
문호,1
초콜릿,1
프라이어,1
타협,1
손님상,1
결렬,1
신라,1
탕수육,1
자자,1
미식,1
리소토,1
소렌토,1
렌티,1
스피,1
생크림,1
서양식,1
생모,1
와우,1
베리,1
유자,1
성화,1
아의,1
둘러쌓,1
사무장,1
상실,1
밀어붙이,1
속성,1
대리인,1
삼헌,1
전라남도,1
사이드,1
하모니,1
남형,1
비장,1
길성,1
특공대,1
와이퍼,1
미망인,1
나한,1
예술과,1
라이어,1
어가,1
용규,1
드라이어,1
계획도,1
규하,1
당인리,1
클로버,1
변주,1
유독,1
취약성,1
위태,1
허투,1
황기,1
치아,1
아래위,1
기성품,1
용암,1
흘러내리,1
리코,1
서한,1
숙성,1
격주,1
휴무제,1
연화,1
물통,1
감형,1
추계,1
오거리,1
악수,1
전어,1
들썩거리,1
단체복,1
동정,1
취득세,1
만장일치,1
유형재,1
지원함,1
총출동,1
바퀴,1
전포,1
표류,1
박복,1
대략적,1
창궐,1
병문,1
주춧돌,1
중화학,1
석유,1
삼산동,1
태화강,1
방류,1
오형,1
장생포,1
식비,1
해운대,1
중립적,1
놀라워하,1
초안,1
가제,1
이빙,1
성현,1
호반,1
칡소,1
순혈,1
후려치,1
갑각류,1
패류,1
리필,1
핫도그,1
골머리,1
하늘길,1
꾸물거리,1
복도,1
가짓수,1
애견,1
콜리,1
도시권,1
베드,1
시권,1
점포망,1
제압,1
원상회복,1
사지,1
태만,1
리다,1
길잡이,1
역과,1
절도사,1
짬짜미,1
스파크,1
회벽,1
대용량,1
즉답,1
인원수,1
일축,1
토목,1
인간,1
옥우,1
평범,1
절망감,1
대계,1
비공식,1
프라임,1
목조,1
금제,1
표적,1
범물,1
요즈음,1
범물동,1
지산동,1
성행,1
조선업,1
용재,1
베어링,1
가라앉히,1
아천동,1
만보,1
골조,1
조적,1
막대,1
이응,1
마량,1
환입,1
광희,1
임원진,1
생가,1
판소리,1
애환,1
형상화하,1
황룡강,1
형상,1
신창동,1
초성,1
쌍시옷,1
의인,1
대수선,1
화한,1
아미,1
상품화,1
두면,1
양옥,1
통창,1
드이,1
보시기,1
비화,1
복고,1
녹슬,1
거물,1
제삼자,1
영업점,1
자석,1
중문,1
사그라지,1
대여금,1
두르,1
수료증,1
흥미,1
요강,1
대만족,1
불우,1
밤낮,1
야학,1
불가결,1
문맥,1
풍류,1
선전전,1
다이내믹,1
시형,1
노닐,1
어원,1
절하,1
국풍,1
청하,1
두꺼운,1
유념,1
부재중,1
기념품,1
본의,1
성기,1
일규,1
영문과,1
보이스,1
연희,1
마그네틱,1
발작,1
뒷면,1
건네받,1
일행,1
콧노래,1
흥얼대,1
진선,1
입이,1
무드,1
성씨,1
장진호,1
원석,1
용해,1
양림동,1
애착,1
관념적,1
겁도,1
대동,1
상어,1
원병,1
다품종,1
유통사,1
표식,1
화재예방,1
진구,1
맹주,1
유권,1
문광,1
다자간,1
한림,1
오일장,1
하이라이트,1
광부,1
파탄,1
소원,1
희우,1
안위,1
로또,1
최후,1
불꽃,1
저녁노을,1
꽃잔디,1
산문시,1
문학적,1
화류,1
딸아이,1
작업복,1
보따리,1
가처분,1
전환점,1
뒷주머니,1
대합실,1
매표구,1
뙤약볕,1
역장,1
넘실대,1
팔랑대,1
꽃밭,1
범용,1
라군,1
지휘자,1
유대감,1
갖가지,1
패거리,1
자해,1
우가,1
끝나가,1
피로감,1
산철쭉,1
찐하,1
역내,1
예감,1
혜의,1
다람쥐,1
쳇바퀴,1
레임덕,1
초조,1
권력형,1
유혹,1
루즈,1
수목,1
계보,1
보스,1
항쟁,1
독재,1
단견,1
소련,1
수크령,1
해빙기,1
비름,1
일설,1
대체적,1
대공황,1
훤하,1
야만,1
벗겨지,1
세영,1
인품,1
토론장,1
전쟁터,1
응시,1
이민,1
수반,1
빌라,1
사분,1
매집,1
수자,1
백해,1
벼룩,1
취득자,1
시소,1
여운형,1
처해지,1
태산,1
회전자,1
서귀포,1
올레,1
육지부,1
분개,1
바람나,1
시외,1
트램플린,1
귀뚜라미,1
공은,1
상환액,1
고결,1
김구,1
가담,1
달밤,1
작정,1
통칭,1
지성,1
태생,1
시늉,1
꽃동산,1
억만금,1
초화,1
전자식,1
포도밭,1
미사일,1
사나이,1
반도,1
성터,1
살롱,1
입맞춤,1
타작,1
사색,1
황토빛,1
직함,1
꽁무니,1
삼십,1
비행기,1
시골길,1
비열,1
진흙탕,1
싸움판,1
맺히,1
조팝나무,1
돌이켜보,1
황매화,1
사무치,1
롤러,1
판매상,1
탈자,1
뒤통수,1
고착,1
체인점,1
사세,1
장당,1
각층,1
전승,1
행복감,1
재범,1
타사,1
전봇대,1
열화상,1
졸속,1
달아오르,1
일방통행,1
재투자하,1
에스테,1
박해,1
멀티미디어,1
레벨,1
법대,1
주도로,1
골격,1
조수,1
은택,1
가습기,1
발화,1
반년,1
중곡동,1
등반,1
노지,1
망설임,1
경치,1
안정성,1
부원동,1
데우,1
도난,1
잠금장치,1
안전장치,1
어시장,1
정제,1
등식,1
최적화되,1
실기,1
요촌동,1
정병,1
외관,1
현왕,1
잎새,1
후야,1
수성,1
경락,1
회수율,1
실용적,1
복잡성,1
초경량,1
필기,1
더미,1
답보,1
억측,1
에어컨,1
시회,1
자비스,1
넘나들,1
난장이,1
최전선,1
황소,1
경사,1
아성,1
밀레니엄,1
불호,1
유모차,1
욕실,1
리액션,1
호인,1
굳히,1
냉장고,1
도배,1
장판,1
누수,1
수지,1
관할권,1
임서,1
특징짓,1
족의,1
진우,1
정의한,1
만료일,1
완수,1
발끈하,1
팽배,1
기싸움,1
물이,1
해결사,1
화질,1
점령군,1
정읍사,1
비끼,1
수수방관,1
도형,1
실개천,1
동로,1
회비,1
아열대,1
상수원,1
붕장어,1
유류,1
승강장,1
산호,1
내장산,1
수련관,1
성문화,1
산란,1
잔디,1
번식,1
제집,1
토치,1
분변,1
두류동,1
이태,1
병영면,1
병마,1
메이드,1
뜨락,1
피멍,1
쫓아가,1
몰상식,1
비인,1
내심,1
유동적,1
유급,1
휴가제,1
반월,1
도립,1
수리산,1
앞마당,1
방사능,1
스토킹,1
홍소,1
챙겨오,1
고와,1
매도인,1
반값,1
고안,1
이스터,1
억대,1
금정,1
명지,1
안석,1
피스,1
갈증,1
토가,1
인상기,1
깃발,1
중가,1
두각,1
커브,1
빙하기,1
불변,1
순손실,1
이롭,1
메스,1
이비,1
성용,1
통금,1
종각,1
초복,1
봉쇄령,1
참혹,1
관리실,1
정당성,1
수리소,1
지청,1
무더기,1
현명,1
침울,1
클립,1
보경,1
매상,1
할퀴,1
수한,1
옹호,1
베풀,1
회고,1
청담,1
푸르름,1
유령,1
도봉산,1
약용,1
산야,1
집들이,1
카스,1
앙금,1
가재,1
오뎅,1
마진율,1
픽업,1
제살,1
재발견,1
남대문,1
무명,1
푸딩,1
고춧가루,1
밀어넣,1
망설이,1
야속,1
체념,1
지구력,1
신세,1
추우,1
목전,1
총재,1
수입산,1
차입,1
센타,1
조라,1
물고추,1
미담,1
염리,1
바지락,1
집주인,1
합법적,1
변절,1
일치,1
개칭,1
경제난,1
좌측,1
동안구,1
동석,1
부위별,1
보쌈,1
팥죽,1
수류,1
보리,1
벌레,1
겉절이,1
내시,1
촌놈,1
떡갈비,1
활약상,1
왕족,1
바베큐,1
밤샘,1
감자탕,1
빠져들,1
어진,1
라성,1
전복,1
뚫리,1
꾸밈,1
전라도,1
리조트,1
패착,1
내쫓,1
원자로,1
탄약고,1
부동,1
전달식,1
산세,1
등록세,1
면세,1
세인,1
실책,1
함정,1
복병,1
재투자,1
부침,1
귀농,1
농어,1
실화,1
넘겨주,1
개발도상국,1
조세범,1
처남,1
헤어나오,1
합리성,1
교조,1
알맞,1
가치관,1
유연성,1
급속,1
화내,1
엔지니어,1
총력전,1
액세사리,1
포트,1
강옥,1
의대,1
덕정,1
예인,1
입간판,1
심신,1
슬하,1
신약,1
값지,1
대수술,1
애청,1
영천,1
치기,1
경산,1
농공,1
방책,1
이론적,1
속상하,1
엉터리,1
좌파,1
기억나,1
네덜란드,1
경직,1
최소주문,1
빈부,1
내상,1
퇴조,1
분리도,1
대실,1
주휴,1
대항,1
수호,1
낙제점,1
손발,1
뒤섞이,1
모집인,1
일사,1
사바,1
학생회,1
궁동,1
삼중고,1
표결,1
안인,1
봉명동,1
산발적,1
정신과,1
해조,1
장대동,1
휴학,1
어은동,1
송강,1
우시,1
갈래,1
위너,1
성주,1
단순화하,1
노량진,1
상차림,1
장부,1
동반성,1
시효,1
군당,1
관치,1
제자,1
정치가,1
선진화,1
비약적,1
연정,1
클라크,1
모형,1
하버드,1
김효원,1
홉킨스,1
역임,1
농수산,1
부닥치,1
유인물,1
규석,1
진일보,1
다가서,1
공릉동,1
모래,1
세분화,1
차년,1
정률,1
울트라,1
거제시,1
음공,1
증언,1
위기의식,1
한복판,1
강판,1
의사록,1
측량업,1
부울,1
제이슨,1
밀러,1
다의,1
파전,1
초토화되,1
대표직,1
짓밟히,1
순익,1
정오,1
대국인,1
등록증,1
갈미,1
윤봉길,1
미래인,1
자간,1
잠행,1
슴슴하,1
일고,1
성규,1
볼륨,1
역풍,1
남정,1
끼얹,1
공수표,1
거울,1
찬물,1
원고,1
제각각,1
앞바다,1
와룡,1
조합회,1
대표인,1
커티스,1
서북,1
환승역,1
보호막,1
갈현동,1
녹번동,1
대조동,1
역촌동,1
유흥가,1
각양각색,1
푸념,1
학부모회,1
야경,1
환의,1
별문제,1
해인,1
홍명,1
마비,1
생이,1
통째,1
새날,1
호의,1
포효,1
강국,1
산도,1
근대화,1
화석,1
숙경,1
정의관,1
냉연,1
부부간,1
시골집,1
세탁기,1
나돌,1
난색,1
명기,1
결손,1
모레,1
욕설,1
폭언,1
포대,1
김정현,1
상관없,1
성과급,1
자선,1
충당,1
사재,1
선교,1
공들이,1
농산,1
어촌,1
답사,1
이름나,1
강진읍,1
창문,1
창틀,1
우중충하,1
담벼락,1
허물어지,1
브라질,1
배분율,1
재간,1
오기,1
비수기,1
초주검,1
약정,1
인기인,1
보험업,1
진행형,1
사회단체,1
외침,1
유흥업,1
요리사,1
자택,1
유서,1
사흘간,1
관중,1
연한,1
해피,1
뚝배기,1
중요도,1
특이점,1
태형,1
습득,1
우회적,1
금주,1
루머,1
소식란,1
소해,1
기색,1
계산법,1
노력도,1
제조공정,1
전환법,1
태그,1
맹추,1
박모,1
점심때,1
파기,1
명작,1
교육관,1
호객꾼,1
튤립,1
시판,1
주권,1
증류주,1
해시,1
금빛,1
출근,1
여기저기,1
대창,1
본가,1
롤링,1
시간문제,1
워싱턴,1
신천지,1
메디,1
본산,1
삼정,1
대소,1
잊히,1
휴가철,1
억눌리,1
보스턴,1
준성,1
씽크,1
맑은,1
변조,1
도의원,1
겨루,1
전민,1
한국식,1
고꾸라지,1
열연,1
이근,1
미시,1
산후,1
방송인,1
연송,1
남서,1
유철,1
기각,1
처의,1
공수,1
소분,1
포장용기,1
도리섬,1
용문,1
희로애락,1
죽산,1
사법부,1
힘세,1
뒤집,1
경험자,1
살림살이,1
주요인,1
바꾸기,1
나루,1
거란,1
표창장,1
맴돌,1
너와,1
섣부르,1
백주,1
명석,1
로지,1
보루,1
일군,1
촛불,1
강탈,1
포고,1
적일,1
점치,1
김소영,1
자르기,1
스미스,1
숙련도,1
진두지휘,1
공산,1
선두권,1
서구권,1
괜하,1
꼬리,1
필드,1
기울,1
내방객,1
막아주,1
성취,1
바지,1
불구,1
백건,1
박정양,1
광고주,1
기주,1
병기,1
쾌한,1
환로,1
장호원,1
인터체인지,1
혈액,1
신체,1
도림천,1
소이,1
맞은편,1
선자,1
취로,1
하류,1
천분,1
독보적,1
벽천,1
안개,1
열섬,1
낙성,1
회의장,1
전미,1
구독자,1
전운,1
감돌,1
자외선,1
